uid,time,value
0,0,0.0
0,1,0.0
0,2,0.0
0,3,0.0
0,4,0.0
0,5,0.0
0,6,0.0
0,7,0.0
0,8,0.0
0,9,0.0
0,10,52.85284806408152
0,11,0.0
0,12,63.04941092564587
0,13,0.0
0,14,74.0953499101764
0,15,0.0
0,16,85.81437992841568
0,17,0.0
0,18,97.98290095283738
0,19,0.0
0,20,110.33760195036913
0,21,0.0
0,22,122.58624017714381
0,23,0.0
0,24,134.4208878776205
0,25,0.0
0,26,145.53269053690357
0,27,0.0
0,28,155.6270320407149
0,29,0.0
0,30,164.43796874668251
0,31,0.0
0,32,171.7408773324368
0,33,0.0
0,34,177.3624462110361
0,35,0.0
0,36,181.18740114702754
0,37,0.0
0,38,183.1616588364614
0,39,0.0
0,40,183.2919117231621
0,41,0.0
0,42,181.6419300160384
0,43,0.0
0,44,178.32609627786874
0,45,0.0
0,46,173.50084687269677
0,47,0.0
0,48,167.3547759522596
0,49,0.0
0,50,160.0981640427936
0,51,0.0
0,52,151.95263491961427
0,53,0.0
0,54,143.1415368237864
0,55,0.0
0,56,133.88150518754728
0,57,0.0
0,58,124.37551187928011
0,59,0.0
0,60,114.80755650280389
0,61,0.0
0,62,105.33902104934701
0,63,0.0
0,64,96.10659872513807
0,65,0.0
0,66,87.22162551876927
0,67,0.0
0,68,78.77058987134193
0,69,0.0
0,70,0.0
0,71,0.0
0,72,0.0
0,73,0.0
0,74,0.0
0,75,0.0
0,76,0.0
0,77,0.0
0,78,0.0
0,79,0.0
0,80,0.0
0,81,0.0
0,82,0.0
0,83,0.0
0,84,0.0
0,85,0.0
0,86,0.0
0,87,0.0
0,88,0.0
0,89,0.0
0,90,0.0
1,0,0.0
1,1,0.0
1,2,0.0
1,3,0.0
1,4,0.0
1,5,0.0
1,6,0.0
1,7,0.0
1,8,0.0
1,9,0.0
1,10,0.4715545573863549
1,11,0.0
1,12,0.0
1,13,0.0
1,14,0.0
1,15,0.0
1,16,0.0
1,17,51.380516033756855
1,18,0.0
1,19,0.0
1,20,0.0
1,21,0.0
1,22,0.0
1,23,0.0
1,24,578.0106300176758
1,25,0.0
1,26,0.0
1,27,0.0
1,28,0.0
1,29,0.0
1,30,0.0
1,31,1213.7404904483283
1,32,0.0
1,33,0.0
1,34,0.0
1,35,0.0
1,36,0.0
1,37,0.0
1,38,860.1026954554154
1,39,0.0
1,40,0.0
1,41,0.0
1,42,0.0
1,43,0.0
1,44,0.0
1,45,371.86990540706006
1,46,0.0
1,47,0.0
1,48,0.0
1,49,0.0
1,50,0.0
1,51,0.0
1,52,177.34943803974232
1,53,0.0
1,54,0.0
1,55,0.0
1,56,0.0
1,57,0.0
1,58,0.0
1,59,168.67412323140164
1,60,0.0
1,61,0.0
1,62,0.0
1,63,0.0
1,64,0.0
1,65,0.0
1,66,578.4006468092339
1,67,0.0
1,68,0.0
1,69,0.0
1,70,0.0
1,71,0.0
1,72,0.0
1,73,0.0
1,74,0.0
1,75,0.0
1,76,0.0
1,77,0.0
1,78,0.0
1,79,0.0
1,80,0.0
1,81,0.0
1,82,0.0
1,83,0.0
1,84,0.0
1,85,0.0
1,86,0.0
1,87,0.0
1,88,0.0
1,89,0.0
1,90,0.0
2,0,0.0
2,1,0.0
2,2,0.0
2,3,0.0
2,4,0.0
2,5,0.0
2,6,0.0
2,7,0.0
2,8,0.0
2,9,0.0
2,10,966.34745995697
2,11,0.0
2,12,0.0
2,13,0.0
2,14,0.0
2,15,345.44238458103825
2,16,0.0
2,17,0.0
2,18,0.0
2,19,0.0
2,20,213.69557016857297
2,21,0.0
2,22,0.0
2,23,0.0
2,24,0.0
2,25,198.56465157630328
2,26,0.0
2,27,0.0
2,28,0.0
2,29,0.0
2,30,240.54914496793137
2,31,0.0
2,32,0.0
2,33,0.0
2,34,0.0
2,35,329.7692046871307
2,36,0.0
2,37,0.0
2,38,0.0
2,39,0.0
2,40,444.0477920115312
2,41,0.0
2,42,0.0
2,43,0.0
2,44,0.0
2,45,509.76687421208516
2,46,0.0
2,47,0.0
2,48,0.0
2,49,0.0
2,50,433.0566608862869
2,51,0.0
2,52,0.0
2,53,0.0
2,54,0.0
2,55,236.29688180735127
2,56,0.0
2,57,0.0
2,58,0.0
2,59,0.0
2,60,71.88203322086605
2,61,0.0
2,62,0.0
2,63,0.0
2,64,0.0
2,65,10.581341923933008
2,66,0.0
2,67,0.0
2,68,0.0
2,69,0.0
2,70,0.0
2,71,0.0
2,72,0.0
2,73,0.0
2,74,0.0
2,75,0.0
2,76,0.0
2,77,0.0
2,78,0.0
2,79,0.0
2,80,0.0
2,81,0.0
2,82,0.0
2,83,0.0
2,84,0.0
2,85,0.0
2,86,0.0
2,87,0.0
2,88,0.0
2,89,0.0
2,90,0.0
3,0,0.0
3,1,0.0
3,2,0.0
3,3,0.0
3,4,0.0
3,5,0.0
3,6,0.0
3,7,0.0
3,8,0.0
3,9,0.0
3,10,1.841752643454476
3,11,2.5108803432248408
3,12,3.3299442782978685
3,13,4.300686836540236
3,14,5.415047194763392
3,15,6.654323568638138
3,16,7.989442857985447
3,17,9.382393768391154
3,18,10.788698752284583
3,19,12.160639011776125
3,20,13.450837159243804
3,21,14.615762958724591
3,22,15.618761515513773
3,23,16.43229762820017
3,24,17.039241427644043
3,25,17.43316155837944
3,26,17.61771811945397
3,27,17.605340624078416
3,28,17.415427886831417
3,29,17.07231745696164
3,30,16.603249220064708
3,31,16.03650210780615
3,32,15.39982634276973
3,33,14.719236710408557
3,34,14.018182607722045
3,35,13.317072470023062
3,36,12.633105096730553
3,37,11.980347634500275
3,38,11.369997404803977
3,39,10.810769667957814
3,40,10.309363104092448
3,41,9.870966992981725
3,42,9.499787145106492
3,43,9.199580619481313
3,44,8.974201868095104
3,45,8.82817549846273
3,46,8.76732426998349
3,47,8.799496820562549
3,48,8.935460393647052
3,49,9.190053196627632
3,50,9.58373466595915
3,51,10.144738847512485
3,52,10.912140904063234
3,53,11.940313549395789
3,54,13.305519610079596
3,55,15.11582858700339
3,56,17.52628048139601
3,57,20.76246466457806
3,58,25.15782395229782
3,59,31.21374865879855
3,60,39.698229800260215
3,61,51.81104837244903
3,62,69.46616353582802
3,63,95.7850242343023
3,64,135.97809309336037
3,65,198.95780582717921
3,66,300.3636625968673
3,67,468.38377415339477
3,68,755.2626410671564
3,69,1260.6935886359033
3,70,0.0
3,71,0.0
3,72,0.0
3,73,0.0
3,74,0.0
3,75,0.0
3,76,0.0
3,77,0.0
3,78,0.0
3,79,0.0
3,80,0.0
3,81,0.0
3,82,0.0
3,83,0.0
3,84,0.0
3,85,0.0
3,86,0.0
3,87,0.0
3,88,0.0
3,89,0.0
3,90,0.0
4,0,0.0
4,1,0.0
4,2,0.0
4,3,0.0
4,4,0.0
4,5,0.0
4,6,0.0
4,7,0.0
4,8,0.0
4,9,0.0
4,10,43.526286555328376
4,11,0.0
4,12,0.0
4,13,0.0
4,14,0.0
4,15,69.69398682276109
4,16,0.0
4,17,0.0
4,18,0.0
4,19,0.0
4,20,95.0177086171827
4,21,0.0
4,22,0.0
4,23,0.0
4,24,0.0
4,25,115.31187556007619
4,26,0.0
4,27,0.0
4,28,0.0
4,29,0.0
4,30,130.22622294752742
4,31,0.0
4,32,0.0
4,33,0.0
4,34,0.0
4,35,143.0778697102908
4,36,0.0
4,37,0.0
4,38,0.0
4,39,0.0
4,40,159.87876504444125
4,41,0.0
4,42,0.0
4,43,0.0
4,44,0.0
4,45,189.9538456055422
4,46,0.0
4,47,0.0
4,48,0.0
4,49,0.0
4,50,250.86441882513438
4,51,0.0
4,52,0.0
4,53,0.0
4,54,0.0
4,55,384.997938831349
4,56,0.0
4,57,0.0
4,58,0.0
4,59,0.0
4,60,717.7955915382888
4,61,0.0
4,62,0.0
4,63,0.0
4,64,0.0
4,65,1699.6554899420776
4,66,0.0
4,67,0.0
4,68,0.0
4,69,0.0
4,70,0.0
4,71,0.0
4,72,0.0
4,73,0.0
4,74,0.0
4,75,0.0
4,76,0.0
4,77,0.0
4,78,0.0
4,79,0.0
4,80,0.0
4,81,0.0
4,82,0.0
4,83,0.0
4,84,0.0
4,85,0.0
4,86,0.0
4,87,0.0
4,88,0.0
4,89,0.0
4,90,0.0
5,0,0.0
5,1,0.0
5,2,0.0
5,3,0.0
5,4,0.0
5,5,0.0
5,6,0.0
5,7,0.0
5,8,0.0
5,9,0.0
5,10,27.35894239059873
5,11,0.0
5,12,0.0
5,13,0.0
5,14,0.0
5,15,0.0
5,16,0.0
5,17,0.0
5,18,99.20061590299633
5,19,0.0
5,20,0.0
5,21,0.0
5,22,0.0
5,23,0.0
5,24,0.0
5,25,0.0
5,26,276.73768993950927
5,27,0.0
5,28,0.0
5,29,0.0
5,30,0.0
5,31,0.0
5,32,0.0
5,33,0.0
5,34,579.8303880481578
5,35,0.0
5,36,0.0
5,37,0.0
5,38,0.0
5,39,0.0
5,40,0.0
5,41,0.0
5,42,890.7425332153057
5,43,0.0
5,44,0.0
5,45,0.0
5,46,0.0
5,47,0.0
5,48,0.0
5,49,0.0
5,50,979.4038453347631
5,51,0.0
5,52,0.0
5,53,0.0
5,54,0.0
5,55,0.0
5,56,0.0
5,57,0.0
5,58,752.4361528993226
5,59,0.0
5,60,0.0
5,61,0.0
5,62,0.0
5,63,0.0
5,64,0.0
5,65,0.0
5,66,394.2898322693464
5,67,0.0
5,68,0.0
5,69,0.0
5,70,0.0
5,71,0.0
5,72,0.0
5,73,0.0
5,74,0.0
5,75,0.0
5,76,0.0
5,77,0.0
5,78,0.0
5,79,0.0
5,80,0.0
5,81,0.0
5,82,0.0
5,83,0.0
5,84,0.0
5,85,0.0
5,86,0.0
5,87,0.0
5,88,0.0
5,89,0.0
5,90,0.0
6,0,0.0
6,1,0.0
6,2,0.0
6,3,0.0
6,4,0.0
6,5,0.0
6,6,0.0
6,7,0.0
6,8,0.0
6,9,0.0
6,10,22.1369493731344
6,11,0.0
6,12,0.0
6,13,0.0
6,14,67.98399119605156
6,15,0.0
6,16,0.0
6,17,0.0
6,18,150.76155427697523
6,19,0.0
6,20,0.0
6,21,0.0
6,22,253.12143025531822
6,23,0.0
6,24,0.0
6,25,0.0
6,26,337.3501319634698
6,27,0.0
6,28,0.0
6,29,0.0
6,30,374.2017462899539
6,31,0.0
6,32,0.0
6,33,0.0
6,34,362.21213013279765
6,35,0.0
6,36,0.0
6,37,0.0
6,38,320.7832799396896
6,39,0.0
6,40,0.0
6,41,0.0
6,42,272.52811217419645
6,43,0.0
6,44,0.0
6,45,0.0
6,46,232.874020321313
6,47,0.0
6,48,0.0
6,49,0.0
6,50,209.84577070934537
6,51,0.0
6,52,0.0
6,53,0.0
6,54,209.07790773744705
6,55,0.0
6,56,0.0
6,57,0.0
6,58,241.49275879801868
6,59,0.0
6,60,0.0
6,61,0.0
6,62,339.037253428617
6,63,0.0
6,64,0.0
6,65,0.0
6,66,606.5929634036723
6,67,0.0
6,68,0.0
6,69,0.0
6,70,0.0
6,71,0.0
6,72,0.0
6,73,0.0
6,74,0.0
6,75,0.0
6,76,0.0
6,77,0.0
6,78,0.0
6,79,0.0
6,80,0.0
6,81,0.0
6,82,0.0
6,83,0.0
6,84,0.0
6,85,0.0
6,86,0.0
6,87,0.0
6,88,0.0
6,89,0.0
6,90,0.0
7,0,0.0
7,1,0.0
7,2,0.0
7,3,0.0
7,4,0.0
7,5,0.0
7,6,0.0
7,7,0.0
7,8,0.0
7,9,0.0
7,10,767.9357167565339
7,11,0.0
7,12,0.0
7,13,0.0
7,14,553.729695157204
7,15,0.0
7,16,0.0
7,17,0.0
7,18,401.85342159841554
7,19,0.0
7,20,0.0
7,21,0.0
7,22,296.237893839865
7,23,0.0
7,24,0.0
7,25,0.0
7,26,223.8838736040551
7,27,0.0
7,28,0.0
7,29,0.0
7,30,175.07351415368092
7,31,0.0
7,32,0.0
7,33,0.0
7,34,142.96828161658132
7,35,0.0
7,36,0.0
7,37,0.0
7,38,123.05144902820497
7,39,0.0
7,40,0.0
7,41,0.0
7,42,112.65947669511904
7,43,0.0
7,44,0.0
7,45,0.0
7,46,110.73600842626534
7,47,0.0
7,48,0.0
7,49,0.0
7,50,117.93869387267348
7,51,0.0
7,52,0.0
7,53,0.0
7,54,137.36505101587616
7,55,0.0
7,56,0.0
7,57,0.0
7,58,176.58542477418743
7,59,0.0
7,60,0.0
7,61,0.0
7,62,252.870575639961
7,63,0.0
7,64,0.0
7,65,0.0
7,66,407.11092382137605
7,67,0.0
7,68,0.0
7,69,0.0
7,70,0.0
7,71,0.0
7,72,0.0
7,73,0.0
7,74,0.0
7,75,0.0
7,76,0.0
7,77,0.0
7,78,0.0
7,79,0.0
7,80,0.0
7,81,0.0
7,82,0.0
7,83,0.0
7,84,0.0
7,85,0.0
7,86,0.0
7,87,0.0
7,88,0.0
7,89,0.0
7,90,0.0
8,0,0.0
8,1,0.0
8,2,0.0
8,3,0.0
8,4,0.0
8,5,0.0
8,6,0.0
8,7,0.0
8,8,0.0
8,9,0.0
8,10,29.8911353855259
8,11,0.0
8,12,0.0
8,13,0.0
8,14,32.61077783208345
8,15,0.0
8,16,0.0
8,17,0.0
8,18,43.421230802033605
8,19,0.0
8,20,0.0
8,21,0.0
8,22,66.68936224785682
8,23,0.0
8,24,0.0
8,25,0.0
8,26,111.66464729388233
8,27,0.0
8,28,0.0
8,29,0.0
8,30,192.65077888889655
8,31,0.0
8,32,0.0
8,33,0.0
8,34,323.6778743243512
8,35,0.0
8,36,0.0
8,37,0.0
8,38,500.5340972300443
8,39,0.0
8,40,0.0
8,41,0.0
8,42,673.3238054250786
8,43,0.0
8,44,0.0
8,45,0.0
8,46,744.6893705208167
8,47,0.0
8,48,0.0
8,49,0.0
8,50,639.9977711178068
8,51,0.0
8,52,0.0
8,53,0.0
8,54,403.9476872301802
8,55,0.0
8,56,0.0
8,57,0.0
8,58,176.97274416482855
8,59,0.0
8,60,0.0
8,61,0.0
8,62,50.8643473132728
8,63,0.0
8,64,0.0
8,65,0.0
8,66,9.064370223342278
8,67,0.0
8,68,0.0
8,69,0.0
8,70,0.0
8,71,0.0
8,72,0.0
8,73,0.0
8,74,0.0
8,75,0.0
8,76,0.0
8,77,0.0
8,78,0.0
8,79,0.0
8,80,0.0
8,81,0.0
8,82,0.0
8,83,0.0
8,84,0.0
8,85,0.0
8,86,0.0
8,87,0.0
8,88,0.0
8,89,0.0
8,90,0.0
9,0,0.0
9,1,0.0
9,2,0.0
9,3,0.0
9,4,0.0
9,5,0.0
9,6,0.0
9,7,0.0
9,8,0.0
9,9,0.0
9,10,13.012419461955947
9,11,0.0
9,12,13.53681360788238
9,13,0.0
9,14,14.251117479637381
9,15,0.0
9,16,15.173816302970552
9,17,0.0
9,18,16.33027539313923
9,19,0.0
9,20,17.75351429105789
9,21,0.0
9,22,19.485280057107133
9,23,0.0
9,24,21.57743500214084
9,25,0.0
9,26,24.093682482661812
9,27,0.0
9,28,27.11165960575811
9,29,0.0
9,30,30.72542737805579
9,31,0.0
9,32,35.04838610807374
9,33,0.0
9,34,40.216635367840205
9,35,0.0
9,36,46.39278168594866
9,37,0.0
9,38,53.770171055101244
9,39,0.0
9,40,62.57748455092521
9,41,0.0
9,42,73.08358085313202
9,43,0.0
9,44,85.60239618611014
9,45,0.0
9,46,100.49761749596928
9,47,0.0
9,48,118.18672691402246
9,49,0.0
9,50,139.14387497011404
9,51,0.0
9,52,163.900879879875
9,53,0.0
9,54,193.045478187768
9,55,0.0
9,56,227.21578163781075
9,57,0.0
9,58,267.08974723933295
9,59,0.0
9,60,313.36837140299724
9,61,0.0
9,62,366.7513127806821
9,63,0.0
9,64,427.90377775445836
9,65,0.0
9,66,497.41381767966834
9,67,0.0
9,68,575.7397371878029
9,69,0.0
9,70,0.0
9,71,0.0
9,72,0.0
9,73,0.0
9,74,0.0
9,75,0.0
9,76,0.0
9,77,0.0
9,78,0.0
9,79,0.0
9,80,0.0
9,81,0.0
9,82,0.0
9,83,0.0
9,84,0.0
9,85,0.0
9,86,0.0
9,87,0.0
9,88,0.0
9,89,0.0
9,90,0.0
10,0,0.0
10,1,0.0
10,2,0.0
10,3,0.0
10,4,0.0
10,5,0.0
10,6,0.0
10,7,0.0
10,8,0.0
10,9,0.0
10,10,75.63627319414294
10,11,0.0
10,12,0.0
10,13,60.489012995800366
10,14,0.0
10,15,0.0
10,16,50.747286640518915
10,17,0.0
10,18,0.0
10,19,44.6073261746618
10,20,0.0
10,21,0.0
10,22,41.03209391421446
10,23,0.0
10,24,0.0
10,25,39.44867098995494
10,26,0.0
10,27,0.0
10,28,39.59126394933678
10,29,0.0
10,30,0.0
10,31,41.42778714666147
10,32,0.0
10,33,0.0
10,34,45.141560718306394
10,35,0.0
10,36,0.0
10,37,51.158871318487904
10,38,0.0
10,39,0.0
10,40,60.22710307499805
10,41,0.0
10,42,0.0
10,43,73.56253974786057
10,44,0.0
10,45,0.0
10,46,93.10698469828104
10,47,0.0
10,48,0.0
10,49,121.96513513690444
10,50,0.0
10,51,0.0
10,52,165.15210669636323
10,53,0.0
10,54,0.0
10,55,230.8844038619297
10,56,0.0
10,57,0.0
10,58,332.83901294813177
10,59,0.0
10,60,0.0
10,61,494.162843278627
10,62,0.0
10,63,0.0
10,64,754.6911690671203
10,65,0.0
10,66,0.0
10,67,1184.1285544476978
10,68,0.0
10,69,0.0
10,70,0.0
10,71,0.0
10,72,0.0
10,73,0.0
10,74,0.0
10,75,0.0
10,76,0.0
10,77,0.0
10,78,0.0
10,79,0.0
10,80,0.0
10,81,0.0
10,82,0.0
10,83,0.0
10,84,0.0
10,85,0.0
10,86,0.0
10,87,0.0
10,88,0.0
10,89,0.0
10,90,0.0
11,0,0.0
11,1,0.0
11,2,0.0
11,3,0.0
11,4,0.0
11,5,0.0
11,6,0.0
11,7,0.0
11,8,0.0
11,9,0.0
11,10,1460.675811908335
11,11,0.0
11,12,0.0
11,13,0.0
11,14,0.0
11,15,0.0
11,16,0.0
11,17,504.7857284590829
11,18,0.0
11,19,0.0
11,20,0.0
11,21,0.0
11,22,0.0
11,23,0.0
11,24,146.1498227939705
11,25,0.0
11,26,0.0
11,27,0.0
11,28,0.0
11,29,0.0
11,30,0.0
11,31,45.19473605860586
11,32,0.0
11,33,0.0
11,34,0.0
11,35,0.0
11,36,0.0
11,37,0.0
11,38,19.029881884262092
11,39,0.0
11,40,0.0
11,41,0.0
11,42,0.0
11,43,0.0
11,44,0.0
11,45,13.909238336931182
11,46,0.0
11,47,0.0
11,48,0.0
11,49,0.0
11,50,0.0
11,51,0.0
11,52,22.49831349254806
11,53,0.0
11,54,0.0
11,55,0.0
11,56,0.0
11,57,0.0
11,58,0.0
11,59,102.668278228758
11,60,0.0
11,61,0.0
11,62,0.0
11,63,0.0
11,64,0.0
11,65,0.0
11,66,1685.088188837506
11,67,0.0
11,68,0.0
11,69,0.0
11,70,0.0
11,71,0.0
11,72,0.0
11,73,0.0
11,74,0.0
11,75,0.0
11,76,0.0
11,77,0.0
11,78,0.0
11,79,0.0
11,80,0.0
11,81,0.0
11,82,0.0
11,83,0.0
11,84,0.0
11,85,0.0
11,86,0.0
11,87,0.0
11,88,0.0
11,89,0.0
11,90,0.0
12,0,0.0
12,1,0.0
12,2,0.0
12,3,0.0
12,4,0.0
12,5,0.0
12,6,0.0
12,7,0.0
12,8,0.0
12,9,0.0
12,10,986.4212041938816
12,11,0.0
12,12,0.0
12,13,0.0
12,14,968.8536950771172
12,15,0.0
12,16,0.0
12,17,0.0
12,18,759.5873747249268
12,19,0.0
12,20,0.0
12,21,0.0
12,22,499.93547590868747
12,23,0.0
12,24,0.0
12,25,0.0
12,26,290.5091381631888
12,27,0.0
12,28,0.0
12,29,0.0
12,30,156.75023751784747
12,31,0.0
12,32,0.0
12,33,0.0
12,34,82.59469011137988
12,35,0.0
12,36,0.0
12,37,0.0
12,38,44.69763069728782
12,39,0.0
12,40,0.0
12,41,0.0
12,42,26.127525220994194
12,43,0.0
12,44,0.0
12,45,0.0
12,46,17.349477083955
12,47,0.0
12,48,0.0
12,49,0.0
12,50,13.763908864550459
12,51,0.0
12,52,0.0
12,53,0.0
12,54,13.7201043761459
12,55,0.0
12,56,0.0
12,57,0.0
12,58,18.07283209903148
12,59,0.0
12,60,0.0
12,61,0.0
12,62,33.085760957271404
12,63,0.0
12,64,0.0
12,65,0.0
12,66,88.53094500373419
12,67,0.0
12,68,0.0
12,69,0.0
12,70,0.0
12,71,0.0
12,72,0.0
12,73,0.0
12,74,0.0
12,75,0.0
12,76,0.0
12,77,0.0
12,78,0.0
12,79,0.0
12,80,0.0
12,81,0.0
12,82,0.0
12,83,0.0
12,84,0.0
12,85,0.0
12,86,0.0
12,87,0.0
12,88,0.0
12,89,0.0
12,90,0.0
13,0,0.0
13,1,0.0
13,2,0.0
13,3,0.0
13,4,0.0
13,5,0.0
13,6,0.0
13,7,0.0
13,8,0.0
13,9,0.0
13,10,2.788800180068254
13,11,0.0
13,12,0.0
13,13,0.0
13,14,0.0
13,15,0.0
13,16,0.0
13,17,59.77520694653815
13,18,0.0
13,19,0.0
13,20,0.0
13,21,0.0
13,22,0.0
13,23,0.0
13,24,242.30091059713573
13,25,0.0
13,26,0.0
13,27,0.0
13,28,0.0
13,29,0.0
13,30,0.0
13,31,311.576403529597
13,32,0.0
13,33,0.0
13,34,0.0
13,35,0.0
13,36,0.0
13,37,0.0
13,38,213.20378874095323
13,39,0.0
13,40,0.0
13,41,0.0
13,42,0.0
13,43,0.0
13,44,0.0
13,45,130.22411325255214
13,46,0.0
13,47,0.0
13,48,0.0
13,49,0.0
13,50,0.0
13,51,0.0
13,52,119.09658834138894
13,53,0.0
13,54,0.0
13,55,0.0
13,56,0.0
13,57,0.0
13,58,0.0
13,59,273.5671477317638
13,60,0.0
13,61,0.0
13,62,0.0
13,63,0.0
13,64,0.0
13,65,0.0
13,66,2647.467040680003
13,67,0.0
13,68,0.0
13,69,0.0
13,70,0.0
13,71,0.0
13,72,0.0
13,73,0.0
13,74,0.0
13,75,0.0
13,76,0.0
13,77,0.0
13,78,0.0
13,79,0.0
13,80,0.0
13,81,0.0
13,82,0.0
13,83,0.0
13,84,0.0
13,85,0.0
13,86,0.0
13,87,0.0
13,88,0.0
13,89,0.0
13,90,0.0
14,0,0.0
14,1,0.0
14,2,0.0
14,3,0.0
14,4,0.0
14,5,0.0
14,6,0.0
14,7,0.0
14,8,0.0
14,9,0.0
14,10,1662.4022951827947
14,11,0.0
14,12,0.0
14,13,0.0
14,14,0.0
14,15,802.5016308800242
14,16,0.0
14,17,0.0
14,18,0.0
14,19,0.0
14,20,388.2152051428106
14,21,0.0
14,22,0.0
14,23,0.0
14,24,0.0
14,25,195.79442784227047
14,26,0.0
14,27,0.0
14,28,0.0
14,29,0.0
14,30,107.10595770233172
14,31,0.0
14,32,0.0
14,33,0.0
14,34,0.0
14,35,66.11451086731046
14,36,0.0
14,37,0.0
14,38,0.0
14,39,0.0
14,40,47.91088072452886
14,41,0.0
14,42,0.0
14,43,0.0
14,44,0.0
14,45,42.40431670358536
14,46,0.0
14,47,0.0
14,48,0.0
14,49,0.0
14,50,47.687974842999004
14,51,0.0
14,52,0.0
14,53,0.0
14,54,0.0
14,55,70.89488957746318
14,56,0.0
14,57,0.0
14,58,0.0
14,59,0.0
14,60,144.94811329472464
14,61,0.0
14,62,0.0
14,63,0.0
14,64,0.0
14,65,424.0197972391569
14,66,0.0
14,67,0.0
14,68,0.0
14,69,0.0
14,70,0.0
14,71,0.0
14,72,0.0
14,73,0.0
14,74,0.0
14,75,0.0
14,76,0.0
14,77,0.0
14,78,0.0
14,79,0.0
14,80,0.0
14,81,0.0
14,82,0.0
14,83,0.0
14,84,0.0
14,85,0.0
14,86,0.0
14,87,0.0
14,88,0.0
14,89,0.0
14,90,0.0
15,0,0.0
15,1,0.0
15,2,0.0
15,3,0.0
15,4,0.0
15,5,0.0
15,6,0.0
15,7,0.0
15,8,0.0
15,9,0.0
15,10,1.9006147695720057
15,11,0.0
15,12,0.0
15,13,0.0
15,14,0.0
15,15,0.0
15,16,0.0
15,17,16.107840759340988
15,18,0.0
15,19,0.0
15,20,0.0
15,21,0.0
15,22,0.0
15,23,0.0
15,24,58.71106405661928
15,25,0.0
15,26,0.0
15,27,0.0
15,28,0.0
15,29,0.0
15,30,0.0
15,31,117.56366964050984
15,32,0.0
15,33,0.0
15,34,0.0
15,35,0.0
15,36,0.0
15,37,0.0
15,38,165.20684470212825
15,39,0.0
15,40,0.0
15,41,0.0
15,42,0.0
15,43,0.0
15,44,0.0
15,45,208.12096098019214
15,46,0.0
15,47,0.0
15,48,0.0
15,49,0.0
15,50,0.0
15,51,0.0
15,52,300.2393793520637
15,53,0.0
15,54,0.0
15,55,0.0
15,56,0.0
15,57,0.0
15,58,0.0
15,59,633.5993050256923
15,60,0.0
15,61,0.0
15,62,0.0
15,63,0.0
15,64,0.0
15,65,0.0
15,66,2498.550320713882
15,67,0.0
15,68,0.0
15,69,0.0
15,70,0.0
15,71,0.0
15,72,0.0
15,73,0.0
15,74,0.0
15,75,0.0
15,76,0.0
15,77,0.0
15,78,0.0
15,79,0.0
15,80,0.0
15,81,0.0
15,82,0.0
15,83,0.0
15,84,0.0
15,85,0.0
15,86,0.0
15,87,0.0
15,88,0.0
15,89,0.0
15,90,0.0
16,0,0.0
16,1,0.0
16,2,0.0
16,3,0.0
16,4,0.0
16,5,0.0
16,6,0.0
16,7,0.0
16,8,0.0
16,9,0.0
16,10,60.35063387700819
16,11,0.0
16,12,0.0
16,13,0.0
16,14,0.0
16,15,0.0
16,16,0.0
16,17,116.01857182395347
16,18,0.0
16,19,0.0
16,20,0.0
16,21,0.0
16,22,0.0
16,23,0.0
16,24,201.2210090379586
16,25,0.0
16,26,0.0
16,27,0.0
16,28,0.0
16,29,0.0
16,30,0.0
16,31,316.109293867633
16,32,0.0
16,33,0.0
16,34,0.0
16,35,0.0
16,36,0.0
16,37,0.0
16,38,451.58275413123516
16,39,0.0
16,40,0.0
16,41,0.0
16,42,0.0
16,43,0.0
16,44,0.0
16,45,588.9678366960077
16,46,0.0
16,47,0.0
16,48,0.0
16,49,0.0
16,50,0.0
16,51,0.0
16,52,704.0734432151064
16,53,0.0
16,54,0.0
16,55,0.0
16,56,0.0
16,57,0.0
16,58,0.0
16,59,774.5233383985898
16,60,0.0
16,61,0.0
16,62,0.0
16,63,0.0
16,64,0.0
16,65,0.0
16,66,787.1531189525078
16,67,0.0
16,68,0.0
16,69,0.0
16,70,0.0
16,71,0.0
16,72,0.0
16,73,0.0
16,74,0.0
16,75,0.0
16,76,0.0
16,77,0.0
16,78,0.0
16,79,0.0
16,80,0.0
16,81,0.0
16,82,0.0
16,83,0.0
16,84,0.0
16,85,0.0
16,86,0.0
16,87,0.0
16,88,0.0
16,89,0.0
16,90,0.0
17,0,0.0
17,1,0.0
17,2,0.0
17,3,0.0
17,4,0.0
17,5,0.0
17,6,0.0
17,7,0.0
17,8,0.0
17,9,0.0
17,10,494.0708472617412
17,11,0.0
17,12,0.0
17,13,0.0
17,14,0.0
17,15,0.0
17,16,0.0
17,17,0.0
17,18,809.4683014962164
17,19,0.0
17,20,0.0
17,21,0.0
17,22,0.0
17,23,0.0
17,24,0.0
17,25,0.0
17,26,640.6087499031719
17,27,0.0
17,28,0.0
17,29,0.0
17,30,0.0
17,31,0.0
17,32,0.0
17,33,0.0
17,34,351.47486979552093
17,35,0.0
17,36,0.0
17,37,0.0
17,38,0.0
17,39,0.0
17,40,0.0
17,41,0.0
17,42,191.8801611607351
17,43,0.0
17,44,0.0
17,45,0.0
17,46,0.0
17,47,0.0
17,48,0.0
17,49,0.0
17,50,149.59815743301783
17,51,0.0
17,52,0.0
17,53,0.0
17,54,0.0
17,55,0.0
17,56,0.0
17,57,0.0
17,58,239.06102598668488
17,59,0.0
17,60,0.0
17,61,0.0
17,62,0.0
17,63,0.0
17,64,0.0
17,65,0.0
17,66,1123.837886962912
17,67,0.0
17,68,0.0
17,69,0.0
17,70,0.0
17,71,0.0
17,72,0.0
17,73,0.0
17,74,0.0
17,75,0.0
17,76,0.0
17,77,0.0
17,78,0.0
17,79,0.0
17,80,0.0
17,81,0.0
17,82,0.0
17,83,0.0
17,84,0.0
17,85,0.0
17,86,0.0
17,87,0.0
17,88,0.0
17,89,0.0
17,90,0.0
18,0,0.0
18,1,0.0
18,2,0.0
18,3,0.0
18,4,0.0
18,5,0.0
18,6,0.0
18,7,0.0
18,8,0.0
18,9,0.0
18,10,666.9751717179536
18,11,0.0
18,12,419.1268594644026
18,13,0.0
18,14,281.1742949294622
18,15,0.0
18,16,200.50949372632627
18,17,0.0
18,18,151.3416199377948
18,19,0.0
18,20,120.38734494101395
18,21,0.0
18,22,100.49332670409686
18,23,0.0
18,24,87.65212444075438
18,25,0.0
18,26,79.54106742910878
18,27,0.0
18,28,74.77545012862285
18,29,0.0
18,30,72.51038622102583
18,31,0.0
18,32,72.21873383781706
18,33,0.0
18,34,73.56019959989655
18,35,0.0
18,36,76.29818616396813
18,37,0.0
18,38,80.24144149261149
18,39,0.0
18,40,85.19837905644103
18,41,0.0
18,42,90.93832537519863
18,43,0.0
18,44,97.15843056746327
18,45,0.0
18,46,103.45866156528788
18,47,0.0
18,48,109.33040451711165
18,49,0.0
18,50,114.16623970194208
18,51,0.0
18,52,117.29837338508503
18,53,0.0
18,54,118.0697765543966
18,55,0.0
18,56,115.93454452605742
18,57,0.0
18,58,110.5730410976277
18,59,0.0
18,60,101.99592751743096
18,61,0.0
18,62,90.60423559021018
18,63,0.0
18,64,77.17580521433582
18,65,0.0
18,66,62.76474171513848
18,67,0.0
18,68,48.52741288141793
18,69,0.0
18,70,0.0
18,71,0.0
18,72,0.0
18,73,0.0
18,74,0.0
18,75,0.0
18,76,0.0
18,77,0.0
18,78,0.0
18,79,0.0
18,80,0.0
18,81,0.0
18,82,0.0
18,83,0.0
18,84,0.0
18,85,0.0
18,86,0.0
18,87,0.0
18,88,0.0
18,89,0.0
18,90,0.0
19,0,0.0
19,1,0.0
19,2,0.0
19,3,0.0
19,4,0.0
19,5,0.0
19,6,0.0
19,7,0.0
19,8,0.0
19,9,0.0
19,10,204.74654124418882
19,11,0.0
19,12,0.0
19,13,0.0
19,14,0.0
19,15,0.0
19,16,0.0
19,17,0.0
19,18,176.57828436170468
19,19,0.0
19,20,0.0
19,21,0.0
19,22,0.0
19,23,0.0
19,24,0.0
19,25,0.0
19,26,350.6498203897553
19,27,0.0
19,28,0.0
19,29,0.0
19,30,0.0
19,31,0.0
19,32,0.0
19,33,0.0
19,34,865.8646548580189
19,35,0.0
19,36,0.0
19,37,0.0
19,38,0.0
19,39,0.0
19,40,0.0
19,41,0.0
19,42,1435.7899866172536
19,43,0.0
19,44,0.0
19,45,0.0
19,46,0.0
19,47,0.0
19,48,0.0
19,49,0.0
19,50,863.417406880638
19,51,0.0
19,52,0.0
19,53,0.0
19,54,0.0
19,55,0.0
19,56,0.0
19,57,0.0
19,58,101.68668871310376
19,59,0.0
19,60,0.0
19,61,0.0
19,62,0.0
19,63,0.0
19,64,0.0
19,65,0.0
19,66,1.2666169353368715
19,67,0.0
19,68,0.0
19,69,0.0
19,70,0.0
19,71,0.0
19,72,0.0
19,73,0.0
19,74,0.0
19,75,0.0
19,76,0.0
19,77,0.0
19,78,0.0
19,79,0.0
19,80,0.0
19,81,0.0
19,82,0.0
19,83,0.0
19,84,0.0
19,85,0.0
19,86,0.0
19,87,0.0
19,88,0.0
19,89,0.0
19,90,0.0
20,0,0.0
20,1,0.0
20,2,0.0
20,3,0.0
20,4,0.0
20,5,0.0
20,6,0.0
20,7,0.0
20,8,0.0
20,9,0.0
20,10,26.69697120973948
20,11,0.0
20,12,57.20208783495679
20,13,0.0
20,14,105.57989009575432
20,15,0.0
20,16,169.76299021061612
20,17,0.0
20,18,240.47523656286634
20,19,0.0
20,20,303.48434031637095
20,21,0.0
20,22,345.0752744012007
20,23,0.0
20,24,357.50002372938104
20,25,0.0
20,26,341.26836626488495
20,27,0.0
20,28,303.5615524872845
20,29,0.0
20,30,254.44933400914817
20,31,0.0
20,32,203.2510234425352
20,33,0.0
20,34,156.46387471218105
20,35,0.0
20,36,117.38656280391953
20,37,0.0
20,38,86.79979603883199
20,39,0.0
20,40,63.97172834218535
20,41,0.0
20,42,47.522532148983395
20,43,0.0
20,44,35.985390438887215
20,45,0.0
20,46,28.0893099392382
20,47,0.0
20,48,22.856891896820866
20,49,0.0
20,50,19.607741801221323
20,51,0.0
20,52,17.932685563518344
20,53,0.0
20,54,17.682492582440076
20,55,0.0
20,56,19.010567456348724
20,57,0.0
20,58,22.535809840984474
20,59,0.0
20,60,29.788648443248146
20,61,0.0
20,62,44.40184511129514
20,63,0.0
20,64,75.47391401945235
20,65,0.0
20,66,147.94878832283828
20,67,0.0
20,68,338.2343299728675
20,69,0.0
20,70,0.0
20,71,0.0
20,72,0.0
20,73,0.0
20,74,0.0
20,75,0.0
20,76,0.0
20,77,0.0
20,78,0.0
20,79,0.0
20,80,0.0
20,81,0.0
20,82,0.0
20,83,0.0
20,84,0.0
20,85,0.0
20,86,0.0
20,87,0.0
20,88,0.0
20,89,0.0
20,90,0.0
21,0,0.0
21,1,0.0
21,2,0.0
21,3,0.0
21,4,0.0
21,5,0.0
21,6,0.0
21,7,0.0
21,8,0.0
21,9,0.0
21,10,83.35019250504314
21,11,0.0
21,12,0.0
21,13,111.30538011740379
21,14,0.0
21,15,0.0
21,16,138.16591654404127
21,17,0.0
21,18,0.0
21,19,160.88886253918326
21,20,0.0
21,21,0.0
21,22,177.36029912490088
21,23,0.0
21,24,0.0
21,25,186.79157956574412
21,26,0.0
21,27,0.0
21,28,189.66784337045246
21,29,0.0
21,30,0.0
21,31,187.38323195675352
21,32,0.0
21,33,0.0
21,34,181.77469765443828
21,35,0.0
21,36,0.0
21,37,174.72976848424463
21,38,0.0
21,39,0.0
21,40,167.9562677596219
21,41,0.0
21,42,0.0
21,43,162.92452040129766
21,44,0.0
21,45,0.0
21,46,160.9543385019014
21,47,0.0
21,48,0.0
21,49,163.42180491729547
21,50,0.0
21,51,0.0
21,52,172.09706963438913
21,53,0.0
21,54,0.0
21,55,189.69600476212509
21,56,0.0
21,57,0.0
21,58,220.8661736582699
21,59,0.0
21,60,0.0
21,61,274.12688032397404
21,62,0.0
21,63,0.0
21,64,366.00794386161147
21,65,0.0
21,66,0.0
21,67,530.5312243173084
21,68,0.0
21,69,0.0
21,70,0.0
21,71,0.0
21,72,0.0
21,73,0.0
21,74,0.0
21,75,0.0
21,76,0.0
21,77,0.0
21,78,0.0
21,79,0.0
21,80,0.0
21,81,0.0
21,82,0.0
21,83,0.0
21,84,0.0
21,85,0.0
21,86,0.0
21,87,0.0
21,88,0.0
21,89,0.0
21,90,0.0
22,0,0.0
22,1,0.0
22,2,0.0
22,3,0.0
22,4,0.0
22,5,0.0
22,6,0.0
22,7,0.0
22,8,0.0
22,9,0.0
22,10,3061.1823358763913
22,11,0.0
22,12,0.0
22,13,0.0
22,14,0.0
22,15,0.0
22,16,0.0
22,17,428.2231066567618
22,18,0.0
22,19,0.0
22,20,0.0
22,21,0.0
22,22,0.0
22,23,0.0
22,24,151.70351195066937
22,25,0.0
22,26,0.0
22,27,0.0
22,28,0.0
22,29,0.0
22,30,0.0
22,31,100.30457213052037
22,32,0.0
22,33,0.0
22,34,0.0
22,35,0.0
22,36,0.0
22,37,0.0
22,38,91.22214969218966
22,39,0.0
22,40,0.0
22,41,0.0
22,42,0.0
22,43,0.0
22,44,0.0
22,45,84.09869815082936
22,46,0.0
22,47,0.0
22,48,0.0
22,49,0.0
22,50,0.0
22,51,0.0
22,52,57.92186825792759
22,53,0.0
22,54,0.0
22,55,0.0
22,56,0.0
22,57,0.0
22,58,0.0
22,59,21.964184745873393
22,60,0.0
22,61,0.0
22,62,0.0
22,63,0.0
22,64,0.0
22,65,0.0
22,66,3.379572538837096
22,67,0.0
22,68,0.0
22,69,0.0
22,70,0.0
22,71,0.0
22,72,0.0
22,73,0.0
22,74,0.0
22,75,0.0
22,76,0.0
22,77,0.0
22,78,0.0
22,79,0.0
22,80,0.0
22,81,0.0
22,82,0.0
22,83,0.0
22,84,0.0
22,85,0.0
22,86,0.0
22,87,0.0
22,88,0.0
22,89,0.0
22,90,0.0
23,0,0.0
23,1,0.0
23,2,0.0
23,3,0.0
23,4,0.0
23,5,0.0
23,6,0.0
23,7,0.0
23,8,0.0
23,9,0.0
23,10,53.12897309921924
23,11,0.0
23,12,78.5829134427929
23,13,0.0
23,14,100.9201097346486
23,15,0.0
23,16,114.07789258875397
23,17,0.0
23,18,115.05904288593177
23,19,0.0
23,20,104.96797530565101
23,21,0.0
23,22,87.8073728718202
23,23,0.0
23,24,68.27544681990416
23,25,0.0
23,26,50.02404733948042
23,27,0.0
23,28,35.010242156701466
23,29,0.0
23,30,23.72655686742621
23,31,0.0
23,32,15.784068036664948
23,33,0.0
23,34,10.44886442151912
23,35,0.0
23,36,6.977606480507153
23,37,0.0
23,38,4.7648845699650835
23,39,0.0
23,40,3.3730915828448085
23,41,0.0
23,42,2.509314075430567
23,43,0.0
23,44,1.9886316987937653
23,45,0.0
23,46,1.7019525280503645
23,47,0.0
23,48,1.594614028076224
23,49,0.0
23,50,1.6580593653012516
23,51,0.0
23,52,1.9395555986132167
23,53,0.0
23,54,2.587517863707584
23,55,0.0
23,56,3.9908439842798007
23,57,0.0
23,58,7.21386012955489
23,59,0.0
23,60,15.492216699508568
23,61,0.0
23,62,40.07039200236952
23,63,0.0
23,64,126.53745794688011
23,65,0.0
23,66,494.5627590285895
23,67,0.0
23,68,2425.2237368470132
23,69,0.0
23,70,0.0
23,71,0.0
23,72,0.0
23,73,0.0
23,74,0.0
23,75,0.0
23,76,0.0
23,77,0.0
23,78,0.0
23,79,0.0
23,80,0.0
23,81,0.0
23,82,0.0
23,83,0.0
23,84,0.0
23,85,0.0
23,86,0.0
23,87,0.0
23,88,0.0
23,89,0.0
23,90,0.0
24,0,0.0
24,1,0.0
24,2,0.0
24,3,0.0
24,4,0.0
24,5,0.0
24,6,0.0
24,7,0.0
24,8,0.0
24,9,0.0
24,10,35.26393487383393
24,11,0.0
24,12,0.0
24,13,0.0
24,14,0.0
24,15,0.0
24,16,0.0
24,17,0.0
24,18,70.7922729348517
24,19,0.0
24,20,0.0
24,21,0.0
24,22,0.0
24,23,0.0
24,24,0.0
24,25,0.0
24,26,89.60518239692043
24,27,0.0
24,28,0.0
24,29,0.0
24,30,0.0
24,31,0.0
24,32,0.0
24,33,0.0
24,34,93.14243072802414
24,35,0.0
24,36,0.0
24,37,0.0
24,38,0.0
24,39,0.0
24,40,0.0
24,41,0.0
24,42,103.56288872416113
24,43,0.0
24,44,0.0
24,45,0.0
24,46,0.0
24,47,0.0
24,48,0.0
24,49,0.0
24,50,160.4271524815848
24,51,0.0
24,52,0.0
24,53,0.0
24,54,0.0
24,55,0.0
24,56,0.0
24,57,0.0
24,58,450.9659027761569
24,59,0.0
24,60,0.0
24,61,0.0
24,62,0.0
24,63,0.0
24,64,0.0
24,65,0.0
24,66,2996.240235084467
24,67,0.0
24,68,0.0
24,69,0.0
24,70,0.0
24,71,0.0
24,72,0.0
24,73,0.0
24,74,0.0
24,75,0.0
24,76,0.0
24,77,0.0
24,78,0.0
24,79,0.0
24,80,0.0
24,81,0.0
24,82,0.0
24,83,0.0
24,84,0.0
24,85,0.0
24,86,0.0
24,87,0.0
24,88,0.0
24,89,0.0
24,90,0.0
25,0,0.0
25,1,0.0
25,2,0.0
25,3,0.0
25,4,0.0
25,5,0.0
25,6,0.0
25,7,0.0
25,8,0.0
25,9,0.0
25,10,15.9455989461954
25,11,20.210703935411168
25,12,25.23897204552827
25,13,31.062678939500845
25,14,37.68864985963316
25,15,45.09351422894356
25,16,53.22023876142134
25,17,61.976378190937766
25,18,71.23437355738982
25,19,80.8340746947432
25,20,90.58748086836002
25,21,100.28550067534188
25,22,109.70635061492848
25,23,118.62506151777599
25,24,126.82345998284318
25,25,134.09994892933636
25,26,140.27843098846333
25,27,145.21579701184427
25,28,148.80752917608055
25,29,150.99112884644865
25,30,151.74725568317982
25,31,151.0986382898844
25,32,149.10697175966203
25,33,145.86814110333503
25,34,141.5061937129342
25,35,136.1665256541924
25,36,130.00874726714568
25,37,123.1996586597146
25,38,115.90670322562868
25,39,108.29218669457447
25,40,100.50845997679514
25,41,92.69417489570652
25,42,84.97163994067212
25,43,77.4452335741421
25,44,70.20077846681755
25,45,63.30574243901685
25,46,56.81011034733471
25,47,50.747763936168596
25,48,45.13821124631361
25,49,39.988520631361666
25,50,35.29533384002948
25,51,31.046855274621386
25,52,27.224738135249645
25,53,23.805810905957284
25,54,20.763608249859466
25,55,18.06968805866794
25,56,15.69473076930769
25,57,13.60942807291001
25,58,11.785176000328073
25,59,10.194592435059123
25,60,8.811881828106692
25,61,7.6130707477835635
25,62,6.576137354192132
25,63,5.681056363134416
25,64,4.909778917389769
25,65,4.246164307575786
25,66,3.675877906519019
25,67,3.18626716521444
25,68,2.766225176817155
25,69,2.406049215569687
25,70,0.0
25,71,0.0
25,72,0.0
25,73,0.0
25,74,0.0
25,75,0.0
25,76,0.0
25,77,0.0
25,78,0.0
25,79,0.0
25,80,0.0
25,81,0.0
25,82,0.0
25,83,0.0
25,84,0.0
25,85,0.0
25,86,0.0
25,87,0.0
25,88,0.0
25,89,0.0
25,90,0.0
26,0,0.0
26,1,0.0
26,2,0.0
26,3,0.0
26,4,0.0
26,5,0.0
26,6,0.0
26,7,0.0
26,8,0.0
26,9,0.0
26,10,39.46969986192327
26,11,42.34247073075986
26,12,45.33312038714852
26,13,48.43413007973754
26,14,51.6360834100903
26,15,54.927573029695665
26,16,58.29513070862287
26,17,61.72318546049926
26,18,65.19405434697907
26,19,68.68797037221168
26,20,72.18315149741221
26,21,75.6559142448431
26,22,79.08083461191228
26,23,82.43095807871349
26,24,85.67805937277171
26,25,88.79295136810843
26,26,91.74584106626044
26,27,94.50672906826297
26,28,97.04584734184405
26,29,99.33412846880938
26,30,101.34369798291073
26,31,103.04837994313208
26,32,104.42420459939022
26,33,105.44990596570968
26,34,106.10739638585713
26,35,106.38220481777834
26,36,106.26386562565678
26,37,105.74624518823605
26,38,104.82779462877453
26,39,103.51171844581572
26,40,101.80605075377736
26,41,99.72363318487534
26,42,97.28199119377668
26,43,94.50310845770795
26,44,91.41310217375963
26,45,88.04180520413422
26,46,84.42226408253426
26,47,80.59016474127668
26,48,76.58320032310344
26,49,72.44039748835434
26,50,68.2014191182726
26,51,63.90586217250322
26,52,59.59256963465992
26,53,55.2989749565561
26,54,51.060496204567144
26,55,46.9099952686713
26,56,42.87731509490621
26,57,38.988905051193676
26,58,35.26754136216514
26,59,31.732146192921103
26,60,28.397705573701597
26,61,25.275283085204663
26,62,22.372123206536987
26,63,19.691835586732758
26,64,17.23464933582465
26,65,14.997724814436644
26,66,12.97550937316488
26,67,11.160123064539418
26,68,9.541760500581736
26,69,8.109095709693273
26,70,0.0
26,71,0.0
26,72,0.0
26,73,0.0
26,74,0.0
26,75,0.0
26,76,0.0
26,77,0.0
26,78,0.0
26,79,0.0
26,80,0.0
26,81,0.0
26,82,0.0
26,83,0.0
26,84,0.0
26,85,0.0
26,86,0.0
26,87,0.0
26,88,0.0
26,89,0.0
26,90,0.0
27,0,0.0
27,1,0.0
27,2,0.0
27,3,0.0
27,4,0.0
27,5,0.0
27,6,0.0
27,7,0.0
27,8,0.0
27,9,0.0
27,10,1379.8101330039362
27,11,0.0
27,12,0.0
27,13,0.0
27,14,0.0
27,15,0.0
27,16,379.40267550520934
27,17,0.0
27,18,0.0
27,19,0.0
27,20,0.0
27,21,0.0
27,22,206.17078583963234
27,23,0.0
27,24,0.0
27,25,0.0
27,26,0.0
27,27,0.0
27,28,184.454772776419
27,29,0.0
27,30,0.0
27,31,0.0
27,32,0.0
27,33,0.0
27,34,226.34924871507687
27,35,0.0
27,36,0.0
27,37,0.0
27,38,0.0
27,39,0.0
27,40,317.38395141121356
27,41,0.0
27,42,0.0
27,43,0.0
27,44,0.0
27,45,0.0
27,46,423.6409849958437
27,47,0.0
27,48,0.0
27,49,0.0
27,50,0.0
27,51,0.0
27,52,448.44422143796197
27,53,0.0
27,54,0.0
27,55,0.0
27,56,0.0
27,57,0.0
27,58,313.6221354459995
27,59,0.0
27,60,0.0
27,61,0.0
27,62,0.0
27,63,0.0
27,64,120.72109086870697
27,65,0.0
27,66,0.0
27,67,0.0
27,68,0.0
27,69,0.0
27,70,0.0
27,71,0.0
27,72,0.0
27,73,0.0
27,74,0.0
27,75,0.0
27,76,0.0
27,77,0.0
27,78,0.0
27,79,0.0
27,80,0.0
27,81,0.0
27,82,0.0
27,83,0.0
27,84,0.0
27,85,0.0
27,86,0.0
27,87,0.0
27,88,0.0
27,89,0.0
27,90,0.0
28,0,0.0
28,1,0.0
28,2,0.0
28,3,0.0
28,4,0.0
28,5,0.0
28,6,0.0
28,7,0.0
28,8,0.0
28,9,0.0
28,10,7.383401206752623
28,11,0.0
28,12,0.0
28,13,0.0
28,14,0.0
28,15,0.0
28,16,0.0
28,17,180.42391365553615
28,18,0.0
28,19,0.0
28,20,0.0
28,21,0.0
28,22,0.0
28,23,0.0
28,24,853.1232099378427
28,25,0.0
28,26,0.0
28,27,0.0
28,28,0.0
28,29,0.0
28,30,0.0
28,31,1201.5012487315994
28,32,0.0
28,33,0.0
28,34,0.0
28,35,0.0
28,36,0.0
28,37,0.0
28,38,775.7937728573522
28,39,0.0
28,40,0.0
28,41,0.0
28,42,0.0
28,43,0.0
28,44,0.0
28,45,353.50269484683537
28,46,0.0
28,47,0.0
28,48,0.0
28,49,0.0
28,50,0.0
28,51,0.0
28,52,174.97593723301293
28,53,0.0
28,54,0.0
28,55,0.0
28,56,0.0
28,57,0.0
28,58,0.0
28,59,144.81644130274827
28,60,0.0
28,61,0.0
28,62,0.0
28,63,0.0
28,64,0.0
28,65,0.0
28,66,308.47938022832045
28,67,0.0
28,68,0.0
28,69,0.0
28,70,0.0
28,71,0.0
28,72,0.0
28,73,0.0
28,74,0.0
28,75,0.0
28,76,0.0
28,77,0.0
28,78,0.0
28,79,0.0
28,80,0.0
28,81,0.0
28,82,0.0
28,83,0.0
28,84,0.0
28,85,0.0
28,86,0.0
28,87,0.0
28,88,0.0
28,89,0.0
28,90,0.0
29,0,0.0
29,1,0.0
29,2,0.0
29,3,0.0
29,4,0.0
29,5,0.0
29,6,0.0
29,7,0.0
29,8,0.0
29,9,0.0
29,10,1.1232513982024825
29,11,0.0
29,12,0.0
29,13,3.33717823406258
29,14,0.0
29,15,0.0
29,16,8.5304284705835
29,17,0.0
29,18,0.0
29,19,18.97236104103247
29,20,0.0
29,21,0.0
29,22,37.12796020401219
29,23,0.0
29,24,0.0
29,25,64.65171596950269
29,26,0.0
29,27,0.0
29,28,101.3044125654089
29,29,0.0
29,30,0.0
29,31,144.4495161242502
29,32,0.0
29,33,0.0
29,34,189.54543334156196
29,35,0.0
29,36,0.0
29,37,231.46756759876774
29,38,0.0
29,39,0.0
29,40,266.02144057473566
29,41,0.0
29,42,0.0
29,43,290.9798312229282
29,44,0.0
29,45,0.0
29,46,306.33665840736296
29,47,0.0
29,48,0.0
29,49,313.9026432663995
29,50,0.0
29,51,0.0
29,52,316.60733829893405
29,53,0.0
29,54,0.0
29,55,317.86818722752463
29,56,0.0
29,57,0.0
29,58,321.2501365925007
29,59,0.0
29,60,0.0
29,61,330.5063643845552
29,62,0.0
29,63,0.0
29,64,350.0472463132246
29,65,0.0
29,66,0.0
29,67,385.97032876444956
29,68,0.0
29,69,0.0
29,70,0.0
29,71,0.0
29,72,0.0
29,73,0.0
29,74,0.0
29,75,0.0
29,76,0.0
29,77,0.0
29,78,0.0
29,79,0.0
29,80,0.0
29,81,0.0
29,82,0.0
29,83,0.0
29,84,0.0
29,85,0.0
29,86,0.0
29,87,0.0
29,88,0.0
29,89,0.0
29,90,0.0
30,0,0.0
30,1,0.0
30,2,0.0
30,3,0.0
30,4,0.0
30,5,0.0
30,6,0.0
30,7,0.0
30,8,0.0
30,9,0.0
30,10,97.66943915431119
30,11,96.70569507390957
30,12,95.65748581817212
30,13,94.53298055784558
30,14,93.34028902884883
30,15,92.0874095253914
30,16,90.78218240798307
30,17,89.43224918117252
30,18,88.04501711337107
30,19,86.62762929839313
30,20,85.18693999561133
30,21,83.72949503288048
30,22,82.26151701341531
30,23,80.78889503422427
30,24,79.31717859897621
30,25,77.85157539167128
30,26,76.39695256848644
30,27,74.95784122290694
30,28,73.53844368294797
30,29,72.14264330812901
30,30,70.77401646711198
30,31,69.43584639381844
30,32,68.13113863970294
30,33,66.86263786204765
30,34,65.63284571207949
30,35,64.44403961189043
30,36,63.298292235130596
30,37,62.19749153287507
30,38,61.143361172652675
30,39,60.13748128514244
30,40,59.18130943934333
30,41,58.27620179301764
30,42,57.42343439087874
30,43,56.62422460838133
30,44,55.87975276417921
30,45,55.19118394950413
30,46,54.55969014811144
30,47,53.986472746315656
30,48,53.47278555934827
30,49,53.019958528222325
30,50,52.629422270970075
30,51,52.302733704098635
30,52,52.04160298504549
30,53,51.847922065074684
30,54,51.72379518533411
30,55,51.67157169772871
30,56,51.69388164807431
30,57,51.79367462310648
30,58,51.974262437008335
30,59,52.23936631917221
30,60,52.59316936527612
30,61,53.040375131228814
30,62,53.586273387457034
30,63,54.23681421336169
30,64,54.99869180335091
30,65,55.87943958242714
30,66,56.88753849781722
30,67,58.032540671997246
30,68,59.32521098187136
30,69,60.77768958119842
30,70,0.0
30,71,0.0
30,72,0.0
30,73,0.0
30,74,0.0
30,75,0.0
30,76,0.0
30,77,0.0
30,78,0.0
30,79,0.0
30,80,0.0
30,81,0.0
30,82,0.0
30,83,0.0
30,84,0.0
30,85,0.0
30,86,0.0
30,87,0.0
30,88,0.0
30,89,0.0
30,90,0.0
31,0,0.0
31,1,0.0
31,2,0.0
31,3,0.0
31,4,0.0
31,5,0.0
31,6,0.0
31,7,0.0
31,8,0.0
31,9,0.0
31,10,285.2786783284744
31,11,0.0
31,12,0.0
31,13,0.0
31,14,0.0
31,15,0.0
31,16,71.45722250537645
31,17,0.0
31,18,0.0
31,19,0.0
31,20,0.0
31,21,0.0
31,22,42.87338719874728
31,23,0.0
31,24,0.0
31,25,0.0
31,26,0.0
31,27,0.0
31,28,49.72335270953928
31,29,0.0
31,30,0.0
31,31,0.0
31,32,0.0
31,33,0.0
31,34,89.95598265063487
31,35,0.0
31,36,0.0
31,37,0.0
31,38,0.0
31,39,0.0
31,40,204.86267338365292
31,41,0.0
31,42,0.0
31,43,0.0
31,44,0.0
31,45,0.0
31,46,473.94162354218435
31,47,0.0
31,48,0.0
31,49,0.0
31,50,0.0
31,51,0.0
31,52,898.8395978254053
31,53,0.0
31,54,0.0
31,55,0.0
31,56,0.0
31,57,0.0
31,58,1127.719179138111
31,59,0.0
31,60,0.0
31,61,0.0
31,62,0.0
31,63,0.0
31,64,755.3483027178745
31,65,0.0
31,66,0.0
31,67,0.0
31,68,0.0
31,69,0.0
31,70,0.0
31,71,0.0
31,72,0.0
31,73,0.0
31,74,0.0
31,75,0.0
31,76,0.0
31,77,0.0
31,78,0.0
31,79,0.0
31,80,0.0
31,81,0.0
31,82,0.0
31,83,0.0
31,84,0.0
31,85,0.0
31,86,0.0
31,87,0.0
31,88,0.0
31,89,0.0
31,90,0.0
32,0,0.0
32,1,0.0
32,2,0.0
32,3,0.0
32,4,0.0
32,5,0.0
32,6,0.0
32,7,0.0
32,8,0.0
32,9,0.0
32,10,1060.2524367867222
32,11,0.0
32,12,0.0
32,13,0.0
32,14,0.0
32,15,0.0
32,16,0.0
32,17,308.6125728909919
32,18,0.0
32,19,0.0
32,20,0.0
32,21,0.0
32,22,0.0
32,23,0.0
32,24,207.44242458969214
32,25,0.0
32,26,0.0
32,27,0.0
32,28,0.0
32,29,0.0
32,30,0.0
32,31,243.21269113744268
32,32,0.0
32,33,0.0
32,34,0.0
32,35,0.0
32,36,0.0
32,37,0.0
32,38,375.6683744725851
32,39,0.0
32,40,0.0
32,41,0.0
32,42,0.0
32,43,0.0
32,44,0.0
32,45,577.401419725292
32,46,0.0
32,47,0.0
32,48,0.0
32,49,0.0
32,50,0.0
32,51,0.0
32,52,667.0078247150691
32,53,0.0
32,54,0.0
32,55,0.0
32,56,0.0
32,57,0.0
32,58,0.0
32,59,437.41023383668335
32,60,0.0
32,61,0.0
32,62,0.0
32,63,0.0
32,64,0.0
32,65,0.0
32,66,122.99202184552159
32,67,0.0
32,68,0.0
32,69,0.0
32,70,0.0
32,71,0.0
32,72,0.0
32,73,0.0
32,74,0.0
32,75,0.0
32,76,0.0
32,77,0.0
32,78,0.0
32,79,0.0
32,80,0.0
32,81,0.0
32,82,0.0
32,83,0.0
32,84,0.0
32,85,0.0
32,86,0.0
32,87,0.0
32,88,0.0
32,89,0.0
32,90,0.0
33,0,0.0
33,1,0.0
33,2,0.0
33,3,0.0
33,4,0.0
33,5,0.0
33,6,0.0
33,7,0.0
33,8,0.0
33,9,0.0
33,10,20.37382924978398
33,11,0.0
33,12,0.0
33,13,0.0
33,14,0.0
33,15,0.0
33,16,0.0
33,17,199.45391392438535
33,18,0.0
33,19,0.0
33,20,0.0
33,21,0.0
33,22,0.0
33,23,0.0
33,24,462.61556338112416
33,25,0.0
33,26,0.0
33,27,0.0
33,28,0.0
33,29,0.0
33,30,0.0
33,31,409.96038784376674
33,32,0.0
33,33,0.0
33,34,0.0
33,35,0.0
33,36,0.0
33,37,0.0
33,38,223.84311223018327
33,39,0.0
33,40,0.0
33,41,0.0
33,42,0.0
33,43,0.0
33,44,0.0
33,45,121.44005745369452
33,46,0.0
33,47,0.0
33,48,0.0
33,49,0.0
33,50,0.0
33,51,0.0
33,52,105.56811947021149
33,53,0.0
33,54,0.0
33,55,0.0
33,56,0.0
33,57,0.0
33,58,0.0
33,59,237.13322285780396
33,60,0.0
33,61,0.0
33,62,0.0
33,63,0.0
33,64,0.0
33,65,0.0
33,66,2219.6117935890466
33,67,0.0
33,68,0.0
33,69,0.0
33,70,0.0
33,71,0.0
33,72,0.0
33,73,0.0
33,74,0.0
33,75,0.0
33,76,0.0
33,77,0.0
33,78,0.0
33,79,0.0
33,80,0.0
33,81,0.0
33,82,0.0
33,83,0.0
33,84,0.0
33,85,0.0
33,86,0.0
33,87,0.0
33,88,0.0
33,89,0.0
33,90,0.0
34,0,0.0
34,1,0.0
34,2,0.0
34,3,0.0
34,4,0.0
34,5,0.0
34,6,0.0
34,7,0.0
34,8,0.0
34,9,0.0
34,10,3495.945844646808
34,11,0.0
34,12,0.0
34,13,0.0
34,14,0.0
34,15,0.0
34,16,0.0
34,17,0.0
34,18,61.05656645568634
34,19,0.0
34,20,0.0
34,21,0.0
34,22,0.0
34,23,0.0
34,24,0.0
34,25,0.0
34,26,17.29031228468974
34,27,0.0
34,28,0.0
34,29,0.0
34,30,0.0
34,31,0.0
34,32,0.0
34,33,0.0
34,34,27.794367349382522
34,35,0.0
34,36,0.0
34,37,0.0
34,38,0.0
34,39,0.0
34,40,0.0
34,41,0.0
34,42,88.79223019676924
34,43,0.0
34,44,0.0
34,45,0.0
34,46,0.0
34,47,0.0
34,48,0.0
34,49,0.0
34,50,197.35042655962786
34,51,0.0
34,52,0.0
34,53,0.0
34,54,0.0
34,55,0.0
34,56,0.0
34,57,0.0
34,58,106.83826513038063
34,59,0.0
34,60,0.0
34,61,0.0
34,62,0.0
34,63,0.0
34,64,0.0
34,65,0.0
34,66,4.931987376655567
34,67,0.0
34,68,0.0
34,69,0.0
34,70,0.0
34,71,0.0
34,72,0.0
34,73,0.0
34,74,0.0
34,75,0.0
34,76,0.0
34,77,0.0
34,78,0.0
34,79,0.0
34,80,0.0
34,81,0.0
34,82,0.0
34,83,0.0
34,84,0.0
34,85,0.0
34,86,0.0
34,87,0.0
34,88,0.0
34,89,0.0
34,90,0.0
35,0,0.0
35,1,0.0
35,2,0.0
35,3,0.0
35,4,0.0
35,5,0.0
35,6,0.0
35,7,0.0
35,8,0.0
35,9,0.0
35,10,1082.7539233474836
35,11,0.0
35,12,0.0
35,13,798.1258673773715
35,14,0.0
35,15,0.0
35,16,581.0283465110024
35,17,0.0
35,18,0.0
35,19,419.15857897918073
35,20,0.0
35,21,0.0
35,22,300.66667387123266
35,23,0.0
35,24,0.0
35,25,215.17356393933449
35,26,0.0
35,27,0.0
35,28,154.15584992114643
35,29,0.0
35,30,0.0
35,31,110.93520099431133
35,32,0.0
35,33,0.0
35,34,80.46143941771598
35,35,0.0
35,36,0.0
35,37,59.018214979689986
35,38,0.0
35,39,0.0
35,40,43.927347787481935
35,41,0.0
35,42,0.0
35,43,33.28935082209738
35,44,0.0
35,45,0.0
35,46,25.77317313982796
35,47,0.0
35,48,0.0
35,49,20.454716712173937
35,50,0.0
35,51,0.0
35,52,16.697553756957326
35,53,0.0
35,54,0.0
35,55,14.067496823219471
35,56,0.0
35,57,0.0
35,58,12.273154071701272
35,59,0.0
35,60,0.0
35,61,11.126068321211106
35,62,0.0
35,63,0.0
35,64,10.515846192359229
35,65,0.0
35,66,0.0
35,67,10.39763303450166
35,68,0.0
35,69,0.0
35,70,0.0
35,71,0.0
35,72,0.0
35,73,0.0
35,74,0.0
35,75,0.0
35,76,0.0
35,77,0.0
35,78,0.0
35,79,0.0
35,80,0.0
35,81,0.0
35,82,0.0
35,83,0.0
35,84,0.0
35,85,0.0
35,86,0.0
35,87,0.0
35,88,0.0
35,89,0.0
35,90,0.0
36,0,0.0
36,1,0.0
36,2,0.0
36,3,0.0
36,4,0.0
36,5,0.0
36,6,0.0
36,7,0.0
36,8,0.0
36,9,0.0
36,10,25.098157792177506
36,11,0.0
36,12,0.0
36,13,0.0
36,14,0.0
36,15,0.0
36,16,0.0
36,17,0.0
36,18,80.34836777508957
36,19,0.0
36,20,0.0
36,21,0.0
36,22,0.0
36,23,0.0
36,24,0.0
36,25,0.0
36,26,244.77658519544477
36,27,0.0
36,28,0.0
36,29,0.0
36,30,0.0
36,31,0.0
36,32,0.0
36,33,0.0
36,34,611.0928890369931
36,35,0.0
36,36,0.0
36,37,0.0
36,38,0.0
36,39,0.0
36,40,0.0
36,41,0.0
36,42,1076.6538046539818
36,43,0.0
36,44,0.0
36,45,0.0
36,46,0.0
36,47,0.0
36,48,0.0
36,49,0.0
36,50,1152.8249457364266
36,51,0.0
36,52,0.0
36,53,0.0
36,54,0.0
36,55,0.0
36,56,0.0
36,57,0.0
36,58,646.0349803548186
36,59,0.0
36,60,0.0
36,61,0.0
36,62,0.0
36,63,0.0
36,64,0.0
36,65,0.0
36,66,163.17026945506825
36,67,0.0
36,68,0.0
36,69,0.0
36,70,0.0
36,71,0.0
36,72,0.0
36,73,0.0
36,74,0.0
36,75,0.0
36,76,0.0
36,77,0.0
36,78,0.0
36,79,0.0
36,80,0.0
36,81,0.0
36,82,0.0
36,83,0.0
36,84,0.0
36,85,0.0
36,86,0.0
36,87,0.0
36,88,0.0
36,89,0.0
36,90,0.0
37,0,0.0
37,1,0.0
37,2,0.0
37,3,0.0
37,4,0.0
37,5,0.0
37,6,0.0
37,7,0.0
37,8,0.0
37,9,0.0
37,10,1797.2284924579467
37,11,0.0
37,12,0.0
37,13,0.0
37,14,0.0
37,15,0.0
37,16,0.0
37,17,0.0
37,18,901.977139369588
37,19,0.0
37,20,0.0
37,21,0.0
37,22,0.0
37,23,0.0
37,24,0.0
37,25,0.0
37,26,587.7921429660529
37,27,0.0
37,28,0.0
37,29,0.0
37,30,0.0
37,31,0.0
37,32,0.0
37,33,0.0
37,34,396.2109157828699
37,35,0.0
37,36,0.0
37,37,0.0
37,38,0.0
37,39,0.0
37,40,0.0
37,41,0.0
37,42,220.06040758811545
37,43,0.0
37,44,0.0
37,45,0.0
37,46,0.0
37,47,0.0
37,48,0.0
37,49,0.0
37,50,80.22479380512749
37,51,0.0
37,52,0.0
37,53,0.0
37,54,0.0
37,55,0.0
37,56,0.0
37,57,0.0
37,58,15.292022524000252
37,59,0.0
37,60,0.0
37,61,0.0
37,62,0.0
37,63,0.0
37,64,0.0
37,65,0.0
37,66,1.2140855062996019
37,67,0.0
37,68,0.0
37,69,0.0
37,70,0.0
37,71,0.0
37,72,0.0
37,73,0.0
37,74,0.0
37,75,0.0
37,76,0.0
37,77,0.0
37,78,0.0
37,79,0.0
37,80,0.0
37,81,0.0
37,82,0.0
37,83,0.0
37,84,0.0
37,85,0.0
37,86,0.0
37,87,0.0
37,88,0.0
37,89,0.0
37,90,0.0
38,0,0.0
38,1,0.0
38,2,0.0
38,3,0.0
38,4,0.0
38,5,0.0
38,6,0.0
38,7,0.0
38,8,0.0
38,9,0.0
38,10,13.320545540080165
38,11,0.0
38,12,26.78505841123294
38,13,0.0
38,14,48.39732366447024
38,15,0.0
38,16,79.13459885278478
38,17,0.0
38,18,117.91957992012996
38,19,0.0
38,20,161.2642307178659
38,21,0.0
38,22,203.83602009520632
38,23,0.0
38,24,239.8129975751666
38,25,0.0
38,26,264.46704165915173
38,27,0.0
38,28,275.31862905630686
38,29,0.0
38,30,272.4726963344026
38,31,0.0
38,32,258.1617397283263
38,33,0.0
38,34,235.8307410432133
38,35,0.0
38,36,209.17354064799596
38,37,0.0
38,38,181.4132583232964
38,39,0.0
38,40,154.93352146725763
38,41,0.0
38,42,131.21817742312405
38,43,0.0
38,44,110.98722677027799
38,45,0.0
38,46,94.41489973422372
38,47,0.0
38,48,81.34947584092458
38,49,0.0
38,50,71.49469479021583
38,51,0.0
38,52,64.54399713789522
38,53,0.0
38,54,60.278027151128
38,55,0.0
38,56,58.64641679018279
38,57,0.0
38,58,59.86339786920212
38,59,0.0
38,60,64.56197725831804
38,61,0.0
38,62,74.08768193564494
38,63,0.0
38,64,91.10182248503408
38,65,0.0
38,66,120.88659528148625
38,67,0.0
38,68,174.32408649545494
38,69,0.0
38,70,0.0
38,71,0.0
38,72,0.0
38,73,0.0
38,74,0.0
38,75,0.0
38,76,0.0
38,77,0.0
38,78,0.0
38,79,0.0
38,80,0.0
38,81,0.0
38,82,0.0
38,83,0.0
38,84,0.0
38,85,0.0
38,86,0.0
38,87,0.0
38,88,0.0
38,89,0.0
38,90,0.0
39,0,0.0
39,1,0.0
39,2,0.0
39,3,0.0
39,4,0.0
39,5,0.0
39,6,0.0
39,7,0.0
39,8,0.0
39,9,0.0
39,10,108.10046913953991
39,11,0.0
39,12,0.0
39,13,0.0
39,14,0.0
39,15,342.08261727998234
39,16,0.0
39,17,0.0
39,18,0.0
39,19,0.0
39,20,675.8778880427886
39,21,0.0
39,22,0.0
39,23,0.0
39,24,0.0
39,25,887.313742378101
39,26,0.0
39,27,0.0
39,28,0.0
39,29,0.0
39,30,823.7507966687706
39,31,0.0
39,32,0.0
39,33,0.0
39,34,0.0
39,35,575.5222136774993
39,36,0.0
39,37,0.0
39,38,0.0
39,39,0.0
39,40,322.04300524449206
39,41,0.0
39,42,0.0
39,43,0.0
39,44,0.0
39,45,153.59925882059147
39,46,0.0
39,47,0.0
39,48,0.0
39,49,0.0
39,50,66.45471072663105
39,51,0.0
39,52,0.0
39,53,0.0
39,54,0.0
39,55,27.756311914054034
39,56,0.0
39,57,0.0
39,58,0.0
39,59,0.0
39,60,11.910637722686381
39,61,0.0
39,62,0.0
39,63,0.0
39,64,0.0
39,65,5.588348384864499
39,66,0.0
39,67,0.0
39,68,0.0
39,69,0.0
39,70,0.0
39,71,0.0
39,72,0.0
39,73,0.0
39,74,0.0
39,75,0.0
39,76,0.0
39,77,0.0
39,78,0.0
39,79,0.0
39,80,0.0
39,81,0.0
39,82,0.0
39,83,0.0
39,84,0.0
39,85,0.0
39,86,0.0
39,87,0.0
39,88,0.0
39,89,0.0
39,90,0.0
40,0,0.0
40,1,0.0
40,2,0.0
40,3,0.0
40,4,0.0
40,5,0.0
40,6,0.0
40,7,0.0
40,8,0.0
40,9,0.0
40,10,554.5625495438868
40,11,0.0
40,12,0.0
40,13,0.0
40,14,480.31096807354714
40,15,0.0
40,16,0.0
40,17,0.0
40,18,358.5985653699777
40,19,0.0
40,20,0.0
40,21,0.0
40,22,241.45759239978827
40,23,0.0
40,24,0.0
40,25,0.0
40,26,153.40928842758845
40,27,0.0
40,28,0.0
40,29,0.0
40,30,96.22171950162347
40,31,0.0
40,32,0.0
40,33,0.0
40,34,62.33578559667957
40,35,0.0
40,36,0.0
40,37,0.0
40,38,43.63920429446956
40,39,0.0
40,40,0.0
40,41,0.0
40,42,34.54009031268838
40,43,0.0
40,44,0.0
40,45,0.0
40,46,32.337733004492435
40,47,0.0
40,48,0.0
40,49,0.0
40,50,37.46858797453448
40,51,0.0
40,52,0.0
40,53,0.0
40,54,56.211986485652474
40,55,0.0
40,56,0.0
40,57,0.0
40,58,114.24220772806551
40,59,0.0
40,60,0.0
40,61,0.0
40,62,329.0731784579682
40,63,0.0
40,64,0.0
40,65,0.0
40,66,1405.5905428290375
40,67,0.0
40,68,0.0
40,69,0.0
40,70,0.0
40,71,0.0
40,72,0.0
40,73,0.0
40,74,0.0
40,75,0.0
40,76,0.0
40,77,0.0
40,78,0.0
40,79,0.0
40,80,0.0
40,81,0.0
40,82,0.0
40,83,0.0
40,84,0.0
40,85,0.0
40,86,0.0
40,87,0.0
40,88,0.0
40,89,0.0
40,90,0.0
41,0,0.0
41,1,0.0
41,2,0.0
41,3,0.0
41,4,0.0
41,5,0.0
41,6,0.0
41,7,0.0
41,8,0.0
41,9,0.0
41,10,37.467798395172316
41,11,0.0
41,12,0.0
41,13,0.0
41,14,0.0
41,15,0.0
41,16,0.0
41,17,0.0
41,18,97.52218839370153
41,19,0.0
41,20,0.0
41,21,0.0
41,22,0.0
41,23,0.0
41,24,0.0
41,25,0.0
41,26,304.0794640734004
41,27,0.0
41,28,0.0
41,29,0.0
41,30,0.0
41,31,0.0
41,32,0.0
41,33,0.0
41,34,821.3909225640954
41,35,0.0
41,36,0.0
41,37,0.0
41,38,0.0
41,39,0.0
41,40,0.0
41,41,0.0
41,42,1390.0570586846295
41,43,0.0
41,44,0.0
41,45,0.0
41,46,0.0
41,47,0.0
41,48,0.0
41,49,0.0
41,50,1065.8008001310748
41,51,0.0
41,52,0.0
41,53,0.0
41,54,0.0
41,55,0.0
41,56,0.0
41,57,0.0
41,58,267.74471568310145
41,59,0.0
41,60,0.0
41,61,0.0
41,62,0.0
41,63,0.0
41,64,0.0
41,65,0.0
41,66,15.93705207482477
41,67,0.0
41,68,0.0
41,69,0.0
41,70,0.0
41,71,0.0
41,72,0.0
41,73,0.0
41,74,0.0
41,75,0.0
41,76,0.0
41,77,0.0
41,78,0.0
41,79,0.0
41,80,0.0
41,81,0.0
41,82,0.0
41,83,0.0
41,84,0.0
41,85,0.0
41,86,0.0
41,87,0.0
41,88,0.0
41,89,0.0
41,90,0.0
42,0,0.0
42,1,0.0
42,2,0.0
42,3,0.0
42,4,0.0
42,5,0.0
42,6,0.0
42,7,0.0
42,8,0.0
42,9,0.0
42,10,20.432225491152614
42,11,0.0
42,12,29.908246819723775
42,13,0.0
42,14,41.98294221082046
42,15,0.0
42,16,56.63250397098088
42,17,0.0
42,18,73.5654643892807
42,19,0.0
42,20,92.21506299310218
42,21,0.0
42,22,111.77733972428372
42,23,0.0
42,24,131.29072085832917
42,25,0.0
42,26,149.74316349591365
42,27,0.0
42,28,166.1869924243383
42,29,0.0
42,30,179.84089363044154
42,31,0.0
42,32,190.16282512057163
42,33,0.0
42,34,196.88511371046076
42,35,0.0
42,36,200.0113208436237
42,37,0.0
42,38,199.78140262954574
42,39,0.0
42,40,196.61591414957235
42,41,0.0
42,42,191.05119152534215
42,43,0.0
42,44,183.6761023867935
42,45,0.0
42,46,175.07806022586553
42,47,0.0
42,48,165.8025898277425
42,49,0.0
42,50,156.3276329898409
42,51,0.0
42,52,147.05147964096025
42,53,0.0
42,54,138.29185295722468
42,55,0.0
42,56,130.29318154011776
42,57,0.0
42,58,123.23924367100992
42,59,0.0
42,60,117.26892603862184
42,61,0.0
42,62,112.49359745162859
42,63,0.0
42,64,109.0154226401723
42,65,0.0
42,66,106.94677827160591
42,67,0.0
42,68,106.43180837093283
42,69,0.0
42,70,0.0
42,71,0.0
42,72,0.0
42,73,0.0
42,74,0.0
42,75,0.0
42,76,0.0
42,77,0.0
42,78,0.0
42,79,0.0
42,80,0.0
42,81,0.0
42,82,0.0
42,83,0.0
42,84,0.0
42,85,0.0
42,86,0.0
42,87,0.0
42,88,0.0
42,89,0.0
42,90,0.0
43,0,0.0
43,1,0.0
43,2,0.0
43,3,0.0
43,4,0.0
43,5,0.0
43,6,0.0
43,7,0.0
43,8,0.0
43,9,0.0
43,10,241.02327772907603
43,11,0.0
43,12,0.0
43,13,0.0
43,14,0.0
43,15,115.7517850456155
43,16,0.0
43,17,0.0
43,18,0.0
43,19,0.0
43,20,96.74851993808893
43,21,0.0
43,22,0.0
43,23,0.0
43,24,0.0
43,25,121.05909013673002
43,26,0.0
43,27,0.0
43,28,0.0
43,29,0.0
43,30,195.06324421135662
43,31,0.0
43,32,0.0
43,33,0.0
43,34,0.0
43,35,348.15045032417555
43,36,0.0
43,37,0.0
43,38,0.0
43,39,0.0
43,40,592.0528546328163
43,41,0.0
43,42,0.0
43,43,0.0
43,44,0.0
43,45,825.1720637810906
43,46,0.0
43,47,0.0
43,48,0.0
43,49,0.0
43,50,810.7885210712069
43,51,0.0
43,52,0.0
43,53,0.0
43,54,0.0
43,55,483.10131903619504
43,56,0.0
43,57,0.0
43,58,0.0
43,59,0.0
43,60,150.1498597882235
43,61,0.0
43,62,0.0
43,63,0.0
43,64,0.0
43,65,20.93901430542501
43,66,0.0
43,67,0.0
43,68,0.0
43,69,0.0
43,70,0.0
43,71,0.0
43,72,0.0
43,73,0.0
43,74,0.0
43,75,0.0
43,76,0.0
43,77,0.0
43,78,0.0
43,79,0.0
43,80,0.0
43,81,0.0
43,82,0.0
43,83,0.0
43,84,0.0
43,85,0.0
43,86,0.0
43,87,0.0
43,88,0.0
43,89,0.0
43,90,0.0
44,0,0.0
44,1,0.0
44,2,0.0
44,3,0.0
44,4,0.0
44,5,0.0
44,6,0.0
44,7,0.0
44,8,0.0
44,9,0.0
44,10,1669.1900424393232
44,11,0.0
44,12,0.0
44,13,0.0
44,14,77.7728312498481
44,15,0.0
44,16,0.0
44,17,0.0
44,18,13.723954994435003
44,19,0.0
44,20,0.0
44,21,0.0
44,22,6.860631299933546
44,23,0.0
44,24,0.0
44,25,0.0
44,26,7.2675237951204
44,27,0.0
44,28,0.0
44,29,0.0
44,30,12.202550085233243
44,31,0.0
44,32,0.0
44,33,0.0
44,34,24.291853728056395
44,35,0.0
44,36,0.0
44,37,0.0
44,38,42.88651983400186
44,39,0.0
44,40,806.7155977086691
44,41,0.0
44,42,0.0
44,43,0.0
44,44,0.0
44,45,0.0
44,46,0.0
44,47,156.25128328587516
44,48,0.0
44,49,0.0
44,50,0.0
44,51,0.0
44,52,0.0
44,53,0.0
44,54,395.1995186729465
44,55,0.0
44,56,0.0
44,57,0.0
44,58,0.0
44,59,0.0
44,60,0.0
44,61,731.9655398655002
44,62,0.0
44,63,0.0
44,64,0.0
44,65,0.0
44,66,0.0
44,67,0.0
44,68,55.67215304105722
44,69,0.0
44,70,0.0
44,71,0.0
44,72,0.0
44,73,0.0
44,74,0.0
44,75,0.0
44,76,0.0
44,77,0.0
44,78,0.0
44,79,0.0
44,80,0.0
44,81,0.0
44,82,0.0
44,83,0.0
44,84,0.0
44,85,0.0
44,86,0.0
44,87,0.0
44,88,0.0
44,89,0.0
44,90,0.0
45,0,0.0
45,1,0.0
45,2,0.0
45,3,0.0
45,4,0.0
45,5,0.0
45,6,0.0
45,7,0.0
45,8,0.0
45,9,0.0
45,10,1847.1015993796273
45,11,0.0
45,12,0.0
45,13,0.0
45,14,0.0
45,15,0.0
45,16,0.0
45,17,0.0
45,18,26.44717377870423
45,19,0.0
45,20,0.0
45,21,0.0
45,22,0.0
45,23,0.0
45,24,0.0
45,25,0.0
45,26,296.0564827973236
45,27,0.0
45,28,0.0
45,29,0.0
45,30,0.0
45,31,0.0
45,32,0.0
45,33,0.0
45,34,4.196465061581935
45,35,0.0
45,36,0.0
45,37,0.0
45,38,0.0
45,39,0.0
45,40,1478.3208567588806
45,41,0.0
45,42,0.0
45,43,238.2078736757304
45,44,0.0
45,45,0.0
45,46,45.591458703107755
45,47,0.0
45,48,0.0
45,49,11.203276620221656
45,50,0.0
45,51,0.0
45,52,3.8206306599693876
45,53,0.0
45,54,0.0
45,55,1.954554158696393
45,56,0.0
45,57,0.0
45,58,1.6213517531428914
45,59,0.0
45,60,0.0
45,61,2.3573164996822995
45,62,0.0
45,63,0.0
45,64,6.4932763958471424
45,65,0.0
45,66,0.0
45,67,36.62768375748458
45,68,0.0
45,69,0.0
45,70,0.0
45,71,0.0
45,72,0.0
45,73,0.0
45,74,0.0
45,75,0.0
45,76,0.0
45,77,0.0
45,78,0.0
45,79,0.0
45,80,0.0
45,81,0.0
45,82,0.0
45,83,0.0
45,84,0.0
45,85,0.0
45,86,0.0
45,87,0.0
45,88,0.0
45,89,0.0
45,90,0.0
46,0,0.0
46,1,0.0
46,2,0.0
46,3,0.0
46,4,0.0
46,5,0.0
46,6,0.0
46,7,0.0
46,8,0.0
46,9,0.0
46,10,0.47587657673406847
46,11,0.0
46,12,0.0
46,13,0.0
46,14,0.0
46,15,16.332394869519785
46,16,0.0
46,17,0.0
46,18,0.0
46,19,0.0
46,20,75.13557174204573
46,21,0.0
46,22,0.0
46,23,0.0
46,24,0.0
46,25,134.16520697480306
46,26,0.0
46,27,0.0
46,28,0.0
46,29,0.0
46,30,269.27200457315377
46,31,0.0
46,32,0.0
46,33,0.0
46,34,0.0
46,35,1758.9678215654324
46,36,0.0
46,37,0.0
46,38,0.0
46,39,0.0
46,40,2.3065750873744424
46,41,0.0
46,42,8.051880115428247
46,43,0.0
46,44,21.537864412642143
46,45,0.0
46,46,45.52781505780497
46,47,0.0
46,48,78.43556063816321
46,49,0.0
46,50,113.58066952870998
46,51,0.0
46,52,142.5752894488248
46,53,0.0
46,54,160.00211129541594
46,55,0.0
46,56,165.55487528301924
46,57,0.0
46,58,162.88693101765307
46,59,0.0
46,60,157.1635058312557
46,61,0.0
46,62,153.36687619817783
46,63,0.0
46,64,156.10579596534475
46,65,0.0
46,66,170.92566260852175
46,67,0.0
46,68,207.62971120997557
46,69,0.0
46,70,0.0
46,71,0.0
46,72,0.0
46,73,0.0
46,74,0.0
46,75,0.0
46,76,0.0
46,77,0.0
46,78,0.0
46,79,0.0
46,80,0.0
46,81,0.0
46,82,0.0
46,83,0.0
46,84,0.0
46,85,0.0
46,86,0.0
46,87,0.0
46,88,0.0
46,89,0.0
46,90,0.0
47,0,0.0
47,1,0.0
47,2,0.0
47,3,0.0
47,4,0.0
47,5,0.0
47,6,0.0
47,7,0.0
47,8,0.0
47,9,0.0
47,10,1506.3818018283796
47,11,0.0
47,12,0.0
47,13,0.0
47,14,0.0
47,15,0.0
47,16,13.025134578874164
47,17,0.0
47,18,0.0
47,19,0.0
47,20,0.0
47,21,0.0
47,22,9.362785795484202
47,23,0.0
47,24,0.0
47,25,0.0
47,26,0.0
47,27,0.0
47,28,5.572503245142454
47,29,0.0
47,30,0.0
47,31,0.0
47,32,0.0
47,33,0.0
47,34,0.027350458501802333
47,35,0.0
47,36,0.0
47,37,0.0
47,38,0.0
47,39,0.0
47,40,0.6055734375978392
47,41,0.0
47,42,9.301575510941177
47,43,0.0
47,44,60.06437488823329
47,45,0.0
47,46,185.91976598606016
47,47,0.0
47,48,314.52830441146386
47,49,0.0
47,50,331.5865305466147
47,51,0.0
47,52,248.3787373989439
47,53,0.0
47,54,150.72654600127717
47,55,0.0
47,56,84.48902277272964
47,57,0.0
47,58,49.87965543461702
47,59,0.0
47,60,35.36198459700049
47,61,0.0
47,62,34.32553025167845
47,63,0.0
47,64,52.016691719331526
47,65,0.0
47,66,140.31059253758508
47,67,0.0
47,68,768.1355385995433
47,69,0.0
47,70,0.0
47,71,0.0
47,72,0.0
47,73,0.0
47,74,0.0
47,75,0.0
47,76,0.0
47,77,0.0
47,78,0.0
47,79,0.0
47,80,0.0
47,81,0.0
47,82,0.0
47,83,0.0
47,84,0.0
47,85,0.0
47,86,0.0
47,87,0.0
47,88,0.0
47,89,0.0
47,90,0.0
48,0,0.0
48,1,0.0
48,2,0.0
48,3,0.0
48,4,0.0
48,5,0.0
48,6,0.0
48,7,0.0
48,8,0.0
48,9,0.0
48,10,709.8661272038072
48,11,0.0
48,12,0.0
48,13,0.0
48,14,0.0
48,15,0.0
48,16,308.9490251457765
48,17,0.0
48,18,0.0
48,19,0.0
48,20,0.0
48,21,0.0
48,22,62.04996603829516
48,23,0.0
48,24,0.0
48,25,0.0
48,26,0.0
48,27,0.0
48,28,51.74833668606523
48,29,0.0
48,30,0.0
48,31,0.0
48,32,0.0
48,33,0.0
48,34,1612.5275934225856
48,35,0.0
48,36,0.0
48,37,0.0
48,38,0.0
48,39,0.0
48,40,0.45992014363961425
48,41,0.0
48,42,0.0
48,43,0.0
48,44,0.0
48,45,0.0
48,46,20.555104573000445
48,47,0.0
48,48,0.0
48,49,0.0
48,50,0.0
48,51,0.0
48,52,33.09305653025938
48,53,0.0
48,54,0.0
48,55,0.0
48,56,0.0
48,57,0.0
48,58,44.47557288465966
48,59,0.0
48,60,0.0
48,61,0.0
48,62,0.0
48,63,0.0
48,64,1156.2752973719112
48,65,0.0
48,66,0.0
48,67,0.0
48,68,0.0
48,69,0.0
48,70,0.0
48,71,0.0
48,72,0.0
48,73,0.0
48,74,0.0
48,75,0.0
48,76,0.0
48,77,0.0
48,78,0.0
48,79,0.0
48,80,0.0
48,81,0.0
48,82,0.0
48,83,0.0
48,84,0.0
48,85,0.0
48,86,0.0
48,87,0.0
48,88,0.0
48,89,0.0
48,90,0.0
49,0,0.0
49,1,0.0
49,2,0.0
49,3,0.0
49,4,0.0
49,5,0.0
49,6,0.0
49,7,0.0
49,8,0.0
49,9,0.0
49,10,708.2870032177867
49,11,0.0
49,12,0.0
49,13,0.0
49,14,0.0
49,15,0.0
49,16,0.0
49,17,11.00495599535694
49,18,0.0
49,19,0.0
49,20,0.0
49,21,0.0
49,22,0.0
49,23,0.0
49,24,41.82329936658435
49,25,0.0
49,26,0.0
49,27,0.0
49,28,0.0
49,29,0.0
49,30,0.0
49,31,279.1878497036094
49,32,0.0
49,33,0.0
49,34,0.0
49,35,0.0
49,36,0.0
49,37,0.0
49,38,23.508248904150374
49,39,0.0
49,40,5.885604437473405
49,41,7.5817294522408005
49,42,9.371772993375135
49,43,11.1605642727232
49,44,12.855711280867906
49,45,14.380907161169922
49,46,15.685245474622981
49,47,16.747341330222707
49,48,17.574565175776225
49,49,18.198773515607815
49,50,18.670378247007836
49,51,19.05251128134928
49,52,19.41664109619308
49,53,19.840535662316235
49,54,20.40914202799826
49,55,21.218897613039623
49,56,22.386296468235845
49,57,24.06233113814624
49,58,26.455977447585408
49,59,29.87275235704851
49,60,34.77976392974103
49,61,41.91916617536481
49,62,52.51313004427459
49,63,68.6478735752642
49,64,94.02099378456823
49,65,135.45523671011432
49,66,206.09840268573265
49,67,332.50330488984065
49,68,571.0767387109444
49,69,1048.346353873667
49,70,0.0
49,71,0.0
49,72,0.0
49,73,0.0
49,74,0.0
49,75,0.0
49,76,0.0
49,77,0.0
49,78,0.0
49,79,0.0
49,80,0.0
49,81,0.0
49,82,0.0
49,83,0.0
49,84,0.0
49,85,0.0
49,86,0.0
49,87,0.0
49,88,0.0
49,89,0.0
49,90,0.0
50,0,0.0
50,1,0.0
50,2,0.0
50,3,0.0
50,4,0.0
50,5,0.0
50,6,0.0
50,7,0.0
50,8,0.0
50,9,0.0
50,10,155.49961229489867
50,11,0.0
50,12,0.0
50,13,0.0
50,14,0.0
50,15,0.0
50,16,0.0
50,17,493.79646476284097
50,18,0.0
50,19,0.0
50,20,0.0
50,21,0.0
50,22,0.0
50,23,0.0
50,24,63.31793400550398
50,25,0.0
50,26,0.0
50,27,0.0
50,28,0.0
50,29,0.0
50,30,0.0
50,31,15.006250869723797
50,32,0.0
50,33,0.0
50,34,0.0
50,35,0.0
50,36,0.0
50,37,0.0
50,38,300.8783854680383
50,39,0.0
50,40,1404.7083681640631
50,41,0.0
50,42,0.0
50,43,0.0
50,44,121.69682669953927
50,45,0.0
50,46,0.0
50,47,0.0
50,48,69.49897236716787
50,49,0.0
50,50,0.0
50,51,0.0
50,52,123.24709587137077
50,53,0.0
50,54,0.0
50,55,0.0
50,56,319.7181757921675
50,57,0.0
50,58,0.0
50,59,0.0
50,60,571.5357698101622
50,61,0.0
50,62,0.0
50,63,0.0
50,64,331.6638222913715
50,65,0.0
50,66,0.0
50,67,0.0
50,68,29.432321603151806
50,69,0.0
50,70,0.0
50,71,0.0
50,72,0.0
50,73,0.0
50,74,0.0
50,75,0.0
50,76,0.0
50,77,0.0
50,78,0.0
50,79,0.0
50,80,0.0
50,81,0.0
50,82,0.0
50,83,0.0
50,84,0.0
50,85,0.0
50,86,0.0
50,87,0.0
50,88,0.0
50,89,0.0
50,90,0.0
51,0,0.0
51,1,0.0
51,2,0.0
51,3,0.0
51,4,0.0
51,5,0.0
51,6,0.0
51,7,0.0
51,8,0.0
51,9,0.0
51,10,24.564879268822985
51,11,0.0
51,12,0.0
51,13,38.7381876012466
51,14,0.0
51,15,0.0
51,16,43.280754170479284
51,17,0.0
51,18,0.0
51,19,39.19549754183599
51,20,0.0
51,21,0.0
51,22,32.91685740789822
51,23,0.0
51,24,0.0
51,25,29.32893922574063
51,26,0.0
51,27,0.0
51,28,31.719412329789968
51,29,0.0
51,30,0.0
51,31,47.63867559651873
51,32,0.0
51,33,0.0
51,34,113.67238653707496
51,35,0.0
51,36,0.0
51,37,493.02167357374236
51,38,0.0
51,39,0.0
51,40,1740.5472296426967
51,41,0.0
51,42,0.0
51,43,0.0
51,44,0.0
51,45,416.3752939378586
51,46,0.0
51,47,0.0
51,48,0.0
51,49,0.0
51,50,237.64719519604932
51,51,0.0
51,52,0.0
51,53,0.0
51,54,0.0
51,55,226.66838842986138
51,56,0.0
51,57,0.0
51,58,0.0
51,59,0.0
51,60,253.0589295590974
51,61,0.0
51,62,0.0
51,63,0.0
51,64,0.0
51,65,231.6256999812871
51,66,0.0
51,67,0.0
51,68,0.0
51,69,0.0
51,70,0.0
51,71,0.0
51,72,0.0
51,73,0.0
51,74,0.0
51,75,0.0
51,76,0.0
51,77,0.0
51,78,0.0
51,79,0.0
51,80,0.0
51,81,0.0
51,82,0.0
51,83,0.0
51,84,0.0
51,85,0.0
51,86,0.0
51,87,0.0
51,88,0.0
51,89,0.0
51,90,0.0
52,0,0.0
52,1,0.0
52,2,0.0
52,3,0.0
52,4,0.0
52,5,0.0
52,6,0.0
52,7,0.0
52,8,0.0
52,9,0.0
52,10,251.33808979150123
52,11,124.79637045837221
52,12,69.89466435284277
52,13,43.79672928395713
52,14,30.454542648279435
52,15,23.309469763026218
52,16,19.477794443438494
52,17,17.62509209742147
52,18,17.130277819589722
52,19,17.73764563249194
52,20,19.40811067106258
52,21,22.257860982368165
52,22,26.537110485314134
52,23,32.625039245378275
52,24,41.023510154327624
52,25,52.330648821291526
52,26,67.17042701560803
52,27,86.05100541982793
52,28,109.1306646978558
52,29,135.89636030328964
52,30,164.8147913847875
52,31,193.09411671826192
52,32,216.762203286164
52,33,231.25806741168407
52,34,232.57670267513728
52,35,218.69994293625365
52,36,190.72228251947558
52,37,152.99656081485264
52,38,111.9815643110307
52,39,74.17425310651565
52,40,83.23298416719004
52,41,0.0
52,42,0.0
52,43,0.0
52,44,0.0
52,45,25.452999336288617
52,46,0.0
52,47,0.0
52,48,0.0
52,49,0.0
52,50,50.80415333811039
52,51,0.0
52,52,0.0
52,53,0.0
52,54,0.0
52,55,198.89656899617407
52,56,0.0
52,57,0.0
52,58,0.0
52,59,0.0
52,60,458.9593863067195
52,61,0.0
52,62,0.0
52,63,0.0
52,64,0.0
52,65,187.58200860411048
52,66,0.0
52,67,0.0
52,68,0.0
52,69,0.0
52,70,0.0
52,71,0.0
52,72,0.0
52,73,0.0
52,74,0.0
52,75,0.0
52,76,0.0
52,77,0.0
52,78,0.0
52,79,0.0
52,80,0.0
52,81,0.0
52,82,0.0
52,83,0.0
52,84,0.0
52,85,0.0
52,86,0.0
52,87,0.0
52,88,0.0
52,89,0.0
52,90,0.0
53,0,0.0
53,1,0.0
53,2,0.0
53,3,0.0
53,4,0.0
53,5,0.0
53,6,0.0
53,7,0.0
53,8,0.0
53,9,0.0
53,10,27.039594613410955
53,11,0.0
53,12,11.89931986800555
53,13,0.0
53,14,8.593916800313686
53,15,0.0
53,16,9.250277299028793
53,17,0.0
53,18,13.475984987977586
53,19,0.0
53,20,24.129926709153803
53,21,0.0
53,22,48.22683520159084
53,23,0.0
53,24,97.7026532025723
53,25,0.0
53,26,182.20334444536104
53,27,0.0
53,28,284.044433041631
53,29,0.0
53,30,336.1582146285255
53,31,0.0
53,32,274.2686962669286
53,33,0.0
53,34,140.0978211773632
53,35,0.0
53,36,40.68709694828387
53,37,0.0
53,38,6.100982345116514
53,39,0.0
53,40,89.46004616900854
53,41,101.69721066955738
53,42,113.73569005153085
53,43,125.10675104854748
53,44,135.31608666022183
53,45,143.87696534334015
53,46,150.3469824115081
53,47,154.3647809966381
53,48,155.68265737819237
53,49,154.1910663574362
53,50,149.93174654007882
53,51,143.09743582779208
53,52,134.01777951536548
53,53,123.13279859470227
53,54,110.95689625460493
53,55,98.03756545996382
53,56,84.91352222236095
53,57,72.07684442937087
53,58,59.94289252097904
53,59,48.830492042041534
53,60,38.953315635334654
53,61,30.42188606036506
53,62,23.25437481829466
53,63,17.39355999691749
53,64,12.726999315131131
53,65,9.107637633627581
53,66,6.372591758122912
53,67,4.358585158354311
53,68,2.913281886959926
53,69,1.9024597083889723
53,70,0.0
53,71,0.0
53,72,0.0
53,73,0.0
53,74,0.0
53,75,0.0
53,76,0.0
53,77,0.0
53,78,0.0
53,79,0.0
53,80,0.0
53,81,0.0
53,82,0.0
53,83,0.0
53,84,0.0
53,85,0.0
53,86,0.0
53,87,0.0
53,88,0.0
53,89,0.0
53,90,0.0
54,0,0.0
54,1,0.0
54,2,0.0
54,3,0.0
54,4,0.0
54,5,0.0
54,6,0.0
54,7,0.0
54,8,0.0
54,9,0.0
54,10,11.903300881504142
54,11,9.72838705909147
54,12,8.606325858986404
54,13,8.175820197564782
54,14,8.273981924306012
54,15,8.849130115006385
54,16,9.92253087268912
54,17,11.572129611387641
54,18,13.92535128760607
54,19,17.15276579863102
54,20,21.45509151488077
54,21,27.035094233556347
54,22,34.04550610564722
54,23,42.50687517183051
54,24,52.19863309495764
54,25,62.545019842652096
54,26,72.54259377579803
54,27,80.79663124973742
54,28,85.72872082784563
54,29,85.96574622794584
54,30,80.82088890903901
54,31,70.6730748552092
54,32,57.022941722979375
54,33,42.115659270662015
54,34,28.24678541387609
54,35,17.06707069644475
54,36,9.21608690497067
54,37,4.412298037338611
54,38,1.858005139893872
54,39,0.6826936480595899
54,40,3.3081375848820977
54,41,0.0
54,42,18.606064303817757
54,43,0.0
54,44,70.34241563483344
54,45,0.0
54,46,185.23731718048745
54,47,0.0
54,48,352.08276499288854
54,49,0.0
54,50,500.52153318001393
54,51,0.0
54,52,551.466479109308
54,53,0.0
54,54,487.96700931842753
54,55,0.0
54,56,359.32995981872176
54,57,0.0
54,58,228.18372154089144
54,59,0.0
54,60,129.48539555644803
54,61,0.0
54,62,68.03908303949827
54,63,0.0
54,64,34.304752314258735
54,65,0.0
54,66,17.19748472221546
54,67,0.0
54,68,8.882741453209094
54,69,0.0
54,70,0.0
54,71,0.0
54,72,0.0
54,73,0.0
54,74,0.0
54,75,0.0
54,76,0.0
54,77,0.0
54,78,0.0
54,79,0.0
54,80,0.0
54,81,0.0
54,82,0.0
54,83,0.0
54,84,0.0
54,85,0.0
54,86,0.0
54,87,0.0
54,88,0.0
54,89,0.0
54,90,0.0
55,0,0.0
55,1,0.0
55,2,0.0
55,3,0.0
55,4,0.0
55,5,0.0
55,6,0.0
55,7,0.0
55,8,0.0
55,9,0.0
55,10,379.561528653592
55,11,0.0
55,12,0.0
55,13,0.0
55,14,0.0
55,15,0.0
55,16,241.03500551099725
55,17,0.0
55,18,0.0
55,19,0.0
55,20,0.0
55,21,0.0
55,22,740.7812103854925
55,23,0.0
55,24,0.0
55,25,0.0
55,26,0.0
55,27,0.0
55,28,902.5545070902213
55,29,0.0
55,30,0.0
55,31,0.0
55,32,0.0
55,33,0.0
55,34,35.71020146955409
55,35,0.0
55,36,0.0
55,37,0.0
55,38,0.0
55,39,0.0
55,40,1.5089390136482548
55,41,0.0
55,42,0.0
55,43,0.0
55,44,14.414764480521011
55,45,0.0
55,46,0.0
55,47,0.0
55,48,57.97606965651627
55,49,0.0
55,50,0.0
55,51,0.0
55,52,125.3114913177989
55,53,0.0
55,54,0.0
55,55,0.0
55,56,185.79306095026033
55,57,0.0
55,58,0.0
55,59,0.0
55,60,241.19044438019029
55,61,0.0
55,62,0.0
55,63,0.0
55,64,349.9276625554989
55,65,0.0
55,66,0.0
55,67,0.0
55,68,724.2351145357088
55,69,0.0
55,70,0.0
55,71,0.0
55,72,0.0
55,73,0.0
55,74,0.0
55,75,0.0
55,76,0.0
55,77,0.0
55,78,0.0
55,79,0.0
55,80,0.0
55,81,0.0
55,82,0.0
55,83,0.0
55,84,0.0
55,85,0.0
55,86,0.0
55,87,0.0
55,88,0.0
55,89,0.0
55,90,0.0
56,0,0.0
56,1,0.0
56,2,0.0
56,3,0.0
56,4,0.0
56,5,0.0
56,6,0.0
56,7,0.0
56,8,0.0
56,9,0.0
56,10,42.41194547780989
56,11,0.0
56,12,52.5834760400622
56,13,0.0
56,14,54.141551431008835
56,15,0.0
56,16,48.56911562178394
56,17,0.0
56,18,39.82589801204838
56,19,0.0
56,20,31.316601705029004
56,21,0.0
56,22,24.775084135435627
56,23,0.0
56,24,20.687827789536776
56,25,0.0
56,26,19.129414584375102
56,27,0.0
56,28,20.54959595215502
56,29,0.0
56,30,26.90589870309789
56,31,0.0
56,32,45.04661005732184
56,33,0.0
56,34,101.17539501371593
56,35,0.0
56,36,319.8259319775771
56,37,0.0
56,38,1492.815714158187
56,39,0.0
56,40,1580.2404903282645
56,41,0.0
56,42,0.0
56,43,0.0
56,44,0.0
56,45,29.95820525636053
56,46,0.0
56,47,0.0
56,48,0.0
56,49,0.0
56,50,8.124631138436966
56,51,0.0
56,52,0.0
56,53,0.0
56,54,0.0
56,55,9.993167960602726
56,56,0.0
56,57,0.0
56,58,0.0
56,59,0.0
56,60,17.673835657216017
56,61,0.0
56,62,0.0
56,63,0.0
56,64,0.0
56,65,14.249608999975024
56,66,0.0
56,67,0.0
56,68,0.0
56,69,0.0
56,70,0.0
56,71,0.0
56,72,0.0
56,73,0.0
56,74,0.0
56,75,0.0
56,76,0.0
56,77,0.0
56,78,0.0
56,79,0.0
56,80,0.0
56,81,0.0
56,82,0.0
56,83,0.0
56,84,0.0
56,85,0.0
56,86,0.0
56,87,0.0
56,88,0.0
56,89,0.0
56,90,0.0
57,0,0.0
57,1,0.0
57,2,0.0
57,3,0.0
57,4,0.0
57,5,0.0
57,6,0.0
57,7,0.0
57,8,0.0
57,9,0.0
57,10,0.6050423891024835
57,11,0.0
57,12,3.5727132589538857
57,13,0.0
57,14,14.231631290078688
57,15,0.0
57,16,39.91984002458859
57,17,0.0
57,18,82.30645786116445
57,19,0.0
57,20,130.20374223620829
57,21,0.0
57,22,164.96464660071476
57,23,0.0
57,24,174.73084579411548
57,25,0.0
57,26,161.5076081000263
57,27,0.0
57,28,135.9861016438613
57,29,0.0
57,30,108.869848620994
57,31,0.0
57,32,86.50987710804459
57,33,0.0
57,34,71.22003393188727
57,35,0.0
57,36,63.40893907235875
57,37,0.0
57,38,63.73001946431904
57,39,0.0
57,40,192.76016981079354
57,41,0.0
57,42,0.0
57,43,203.00413808204615
57,44,0.0
57,45,0.0
57,46,131.07355830515507
57,47,0.0
57,48,0.0
57,49,65.38022761185053
57,50,0.0
57,51,0.0
57,52,31.746615951987472
57,53,0.0
57,54,0.0
57,55,18.908916816030565
57,56,0.0
57,57,0.0
57,58,17.408149149235037
57,59,0.0
57,60,0.0
57,61,31.214315293314925
57,62,0.0
57,63,0.0
57,64,137.3627018176987
57,65,0.0
57,66,0.0
57,67,1869.3738597654703
57,68,0.0
57,69,0.0
57,70,0.0
57,71,0.0
57,72,0.0
57,73,0.0
57,74,0.0
57,75,0.0
57,76,0.0
57,77,0.0
57,78,0.0
57,79,0.0
57,80,0.0
57,81,0.0
57,82,0.0
57,83,0.0
57,84,0.0
57,85,0.0
57,86,0.0
57,87,0.0
57,88,0.0
57,89,0.0
57,90,0.0
58,0,0.0
58,1,0.0
58,2,0.0
58,3,0.0
58,4,0.0
58,5,0.0
58,6,0.0
58,7,0.0
58,8,0.0
58,9,0.0
58,10,107.0410955145389
58,11,0.0
58,12,118.67263469352538
58,13,0.0
58,14,138.7188390376559
58,15,0.0
58,16,167.61357931784443
58,17,0.0
58,18,205.24657610553155
58,19,0.0
58,20,249.71215313426146
58,21,0.0
58,22,295.9405981923127
58,23,0.0
58,24,334.9458466103659
58,25,0.0
58,26,354.93914581566685
58,27,0.0
58,28,345.2602082814049
58,29,0.0
58,30,302.24321058204544
58,31,0.0
58,32,233.44686649354335
58,33,0.0
58,34,155.97144116241938
58,35,0.0
58,36,88.37546955057351
58,37,0.0
58,38,41.634376821622276
58,39,0.0
58,40,216.80956978884458
58,41,0.0
58,42,0.0
58,43,0.0
58,44,0.0
58,45,0.0
58,46,0.0
58,47,0.0
58,48,51.56047861643404
58,49,0.0
58,50,0.0
58,51,0.0
58,52,0.0
58,53,0.0
58,54,0.0
58,55,0.0
58,56,17.198932979293552
58,57,0.0
58,58,0.0
58,59,0.0
58,60,0.0
58,61,0.0
58,62,0.0
58,63,0.0
58,64,574.6689773021153
58,65,0.0
58,66,0.0
58,67,0.0
58,68,0.0
58,69,0.0
58,70,0.0
58,71,0.0
58,72,0.0
58,73,0.0
58,74,0.0
58,75,0.0
58,76,0.0
58,77,0.0
58,78,0.0
58,79,0.0
58,80,0.0
58,81,0.0
58,82,0.0
58,83,0.0
58,84,0.0
58,85,0.0
58,86,0.0
58,87,0.0
58,88,0.0
58,89,0.0
58,90,0.0
59,0,0.0
59,1,0.0
59,2,0.0
59,3,0.0
59,4,0.0
59,5,0.0
59,6,0.0
59,7,0.0
59,8,0.0
59,9,0.0
59,10,726.7245699841646
59,11,0.0
59,12,0.0
59,13,0.0
59,14,0.0
59,15,0.0
59,16,0.0
59,17,47.822180692899146
59,18,0.0
59,19,0.0
59,20,0.0
59,21,0.0
59,22,0.0
59,23,0.0
59,24,232.80422372764195
59,25,0.0
59,26,0.0
59,27,0.0
59,28,0.0
59,29,0.0
59,30,0.0
59,31,348.2050673381059
59,32,0.0
59,33,0.0
59,34,0.0
59,35,0.0
59,36,0.0
59,37,0.0
59,38,0.6645732807365109
59,39,0.0
59,40,0.7883368863802563
59,41,0.0
59,42,0.0
59,43,3.2484194571993132
59,44,0.0
59,45,0.0
59,46,4.589828146252255
59,47,0.0
59,48,0.0
59,49,3.328600033255978
59,50,0.0
59,51,0.0
59,52,1.8545752874396346
59,53,0.0
59,54,0.0
59,55,1.188288217527987
59,56,0.0
59,57,0.0
59,58,1.3106006556731025
59,59,0.0
59,60,0.0
59,61,3.724491939469099
59,62,0.0
59,63,0.0
59,64,40.82146293735943
59,65,0.0
59,66,0.0
59,67,2582.924781415895
59,68,0.0
59,69,0.0
59,70,0.0
59,71,0.0
59,72,0.0
59,73,0.0
59,74,0.0
59,75,0.0
59,76,0.0
59,77,0.0
59,78,0.0
59,79,0.0
59,80,0.0
59,81,0.0
59,82,0.0
59,83,0.0
59,84,0.0
59,85,0.0
59,86,0.0
59,87,0.0
59,88,0.0
59,89,0.0
59,90,0.0
60,0,0.0
60,1,0.0
60,2,0.0
60,3,0.0
60,4,0.0
60,5,0.0
60,6,0.0
60,7,0.0
60,8,0.0
60,9,0.0
60,10,9.448718102879551
60,11,0.0
60,12,0.0
60,13,0.0
60,14,0.0
60,15,0.0
60,16,142.4328771477504
60,17,0.0
60,18,0.0
60,19,0.0
60,20,0.0
60,21,0.0
60,22,68.04374189800137
60,23,0.0
60,24,0.0
60,25,0.0
60,26,0.0
60,27,0.0
60,28,43.35168783062581
60,29,0.0
60,30,0.0
60,31,0.0
60,32,0.0
60,33,0.0
60,34,1550.1117485477603
60,35,0.0
60,36,0.0
60,37,0.0
60,38,0.0
60,39,0.0
60,40,100.357202629016
60,41,0.0
60,42,0.0
60,43,0.0
60,44,431.4897739634626
60,45,0.0
60,46,0.0
60,47,0.0
60,48,682.2006261239218
60,49,0.0
60,50,0.0
60,51,0.0
60,52,523.6292055777284
60,53,0.0
60,54,0.0
60,55,0.0
60,56,257.60616202611243
60,57,0.0
60,58,0.0
60,59,0.0
60,60,107.24073142061842
60,61,0.0
60,62,0.0
60,63,0.0
60,64,49.87523074610256
60,65,0.0
60,66,0.0
60,67,0.0
60,68,34.21229398602058
60,69,0.0
60,70,0.0
60,71,0.0
60,72,0.0
60,73,0.0
60,74,0.0
60,75,0.0
60,76,0.0
60,77,0.0
60,78,0.0
60,79,0.0
60,80,0.0
60,81,0.0
60,82,0.0
60,83,0.0
60,84,0.0
60,85,0.0
60,86,0.0
60,87,0.0
60,88,0.0
60,89,0.0
60,90,0.0
61,0,0.0
61,1,0.0
61,2,0.0
61,3,0.0
61,4,0.0
61,5,0.0
61,6,0.0
61,7,0.0
61,8,0.0
61,9,0.0
61,10,4.75348544219093
61,11,0.0
61,12,0.0
61,13,0.0
61,14,0.0
61,15,40.94417321893005
61,16,0.0
61,17,0.0
61,18,0.0
61,19,0.0
61,20,64.11230658228483
61,21,0.0
61,22,0.0
61,23,0.0
61,24,0.0
61,25,62.14881721795705
61,26,0.0
61,27,0.0
61,28,0.0
61,29,0.0
61,30,127.01040922117775
61,31,0.0
61,32,0.0
61,33,0.0
61,34,0.0
61,35,1863.5178454132008
61,36,0.0
61,37,0.0
61,38,0.0
61,39,0.0
61,40,3.8074732707231207
61,41,0.0
61,42,0.0
61,43,0.0
61,44,0.0
61,45,0.0
61,46,0.0
61,47,729.3463382277405
61,48,0.0
61,49,0.0
61,50,0.0
61,51,0.0
61,52,0.0
61,53,0.0
61,54,946.0199721232766
61,55,0.0
61,56,0.0
61,57,0.0
61,58,0.0
61,59,0.0
61,60,0.0
61,61,129.3314716117831
61,62,0.0
61,63,0.0
61,64,0.0
61,65,0.0
61,66,0.0
61,67,0.0
61,68,29.007707670735165
61,69,0.0
61,70,0.0
61,71,0.0
61,72,0.0
61,73,0.0
61,74,0.0
61,75,0.0
61,76,0.0
61,77,0.0
61,78,0.0
61,79,0.0
61,80,0.0
61,81,0.0
61,82,0.0
61,83,0.0
61,84,0.0
61,85,0.0
61,86,0.0
61,87,0.0
61,88,0.0
61,89,0.0
61,90,0.0
62,0,0.0
62,1,0.0
62,2,0.0
62,3,0.0
62,4,0.0
62,5,0.0
62,6,0.0
62,7,0.0
62,8,0.0
62,9,0.0
62,10,4.395995007863628
62,11,0.0
62,12,6.99458537849167
62,13,0.0
62,14,11.577524742894576
62,15,0.0
62,16,19.594840626298463
62,17,0.0
62,18,33.3321515224835
62,19,0.0
62,20,56.014939603360126
62,21,0.0
62,22,91.40850963553213
62,23,0.0
62,24,142.37539241136358
62,25,0.0
62,26,208.05210235127393
62,27,0.0
62,28,280.36349834695005
62,29,0.0
62,30,342.4572287730087
62,31,0.0
62,32,372.69196511826846
62,33,0.0
62,34,355.202378125544
62,35,0.0
62,36,291.4118186341884
62,37,0.0
62,38,202.28665728098616
62,39,0.0
62,40,1209.8548021608362
62,41,0.0
62,42,0.0
62,43,0.0
62,44,0.0
62,45,0.0
62,46,176.84229454249694
62,47,0.0
62,48,0.0
62,49,0.0
62,50,0.0
62,51,0.0
62,52,126.61902850091833
62,53,0.0
62,54,0.0
62,55,0.0
62,56,0.0
62,57,0.0
62,58,65.0186349372812
62,59,0.0
62,60,0.0
62,61,0.0
62,62,0.0
62,63,0.0
62,64,3.5056522999595763
62,65,0.0
62,66,0.0
62,67,0.0
62,68,0.0
62,69,0.0
62,70,0.0
62,71,0.0
62,72,0.0
62,73,0.0
62,74,0.0
62,75,0.0
62,76,0.0
62,77,0.0
62,78,0.0
62,79,0.0
62,80,0.0
62,81,0.0
62,82,0.0
62,83,0.0
62,84,0.0
62,85,0.0
62,86,0.0
62,87,0.0
62,88,0.0
62,89,0.0
62,90,0.0
63,0,0.0
63,1,0.0
63,2,0.0
63,3,0.0
63,4,0.0
63,5,0.0
63,6,0.0
63,7,0.0
63,8,0.0
63,9,0.0
63,10,134.91332009255063
63,11,0.0
63,12,0.0
63,13,0.0
63,14,0.0
63,15,0.0
63,16,0.0
63,17,0.0
63,18,271.0514383261219
63,19,0.0
63,20,0.0
63,21,0.0
63,22,0.0
63,23,0.0
63,24,0.0
63,25,0.0
63,26,1335.6168923185558
63,27,0.0
63,28,0.0
63,29,0.0
63,30,0.0
63,31,0.0
63,32,0.0
63,33,0.0
63,34,11.726231709574213
63,35,0.0
63,36,0.0
63,37,0.0
63,38,0.0
63,39,0.0
63,40,2137.6125653364193
63,41,0.0
63,42,0.0
63,43,0.0
63,44,0.0
63,45,0.0
63,46,0.0
63,47,11.578771029618377
63,48,0.0
63,49,0.0
63,50,0.0
63,51,0.0
63,52,0.0
63,53,0.0
63,54,20.54960650781787
63,55,0.0
63,56,0.0
63,57,0.0
63,58,0.0
63,59,0.0
63,60,0.0
63,61,73.66336914947401
63,62,0.0
63,63,0.0
63,64,0.0
63,65,0.0
63,66,0.0
63,67,0.0
63,68,3.287805529868016
63,69,0.0
63,70,0.0
63,71,0.0
63,72,0.0
63,73,0.0
63,74,0.0
63,75,0.0
63,76,0.0
63,77,0.0
63,78,0.0
63,79,0.0
63,80,0.0
63,81,0.0
63,82,0.0
63,83,0.0
63,84,0.0
63,85,0.0
63,86,0.0
63,87,0.0
63,88,0.0
63,89,0.0
63,90,0.0
64,0,0.0
64,1,0.0
64,2,0.0
64,3,0.0
64,4,0.0
64,5,0.0
64,6,0.0
64,7,0.0
64,8,0.0
64,9,0.0
64,10,19.123910049026634
64,11,0.0
64,12,0.0
64,13,0.0
64,14,0.0
64,15,0.0
64,16,172.63620002557903
64,17,0.0
64,18,0.0
64,19,0.0
64,20,0.0
64,21,0.0
64,22,268.2942913653699
64,23,0.0
64,24,0.0
64,25,0.0
64,26,0.0
64,27,0.0
64,28,256.78643601245943
64,29,0.0
64,30,0.0
64,31,0.0
64,32,0.0
64,33,0.0
64,34,541.4651454615693
64,35,0.0
64,36,0.0
64,37,0.0
64,38,0.0
64,39,0.0
64,40,67.84632090532386
64,41,0.0
64,42,0.0
64,43,0.0
64,44,179.97562927702148
64,45,0.0
64,46,0.0
64,47,0.0
64,48,421.26784028277353
64,49,0.0
64,50,0.0
64,51,0.0
64,52,729.8883228429388
64,53,0.0
64,54,0.0
64,55,0.0
64,56,785.2434562110338
64,57,0.0
64,58,0.0
64,59,0.0
64,60,440.0462598236445
64,61,0.0
64,62,0.0
64,63,0.0
64,64,107.75433152340518
64,65,0.0
64,66,0.0
64,67,0.0
64,68,9.671856219854746
64,69,0.0
64,70,0.0
64,71,0.0
64,72,0.0
64,73,0.0
64,74,0.0
64,75,0.0
64,76,0.0
64,77,0.0
64,78,0.0
64,79,0.0
64,80,0.0
64,81,0.0
64,82,0.0
64,83,0.0
64,84,0.0
64,85,0.0
64,86,0.0
64,87,0.0
64,88,0.0
64,89,0.0
64,90,0.0
65,0,0.0
65,1,0.0
65,2,0.0
65,3,0.0
65,4,0.0
65,5,0.0
65,6,0.0
65,7,0.0
65,8,0.0
65,9,0.0
65,10,645.1368144574403
65,11,0.0
65,12,0.0
65,13,0.0
65,14,0.0
65,15,0.0
65,16,0.0
65,17,0.0
65,18,87.02156210174077
65,19,0.0
65,20,0.0
65,21,0.0
65,22,0.0
65,23,0.0
65,24,0.0
65,25,0.0
65,26,55.48052118118827
65,27,0.0
65,28,0.0
65,29,0.0
65,30,0.0
65,31,0.0
65,32,0.0
65,33,0.0
65,34,1042.27920818423
65,35,0.0
65,36,0.0
65,37,0.0
65,38,0.0
65,39,0.0
65,40,830.6670375325643
65,41,0.0
65,42,0.0
65,43,0.0
65,44,0.0
65,45,0.0
65,46,116.92836876025497
65,47,0.0
65,48,0.0
65,49,0.0
65,50,0.0
65,51,0.0
65,52,96.84328140934727
65,53,0.0
65,54,0.0
65,55,0.0
65,56,0.0
65,57,0.0
65,58,238.78376548300517
65,59,0.0
65,60,0.0
65,61,0.0
65,62,0.0
65,63,0.0
65,64,886.8594408902296
65,65,0.0
65,66,0.0
65,67,0.0
65,68,0.0
65,69,0.0
65,70,0.0
65,71,0.0
65,72,0.0
65,73,0.0
65,74,0.0
65,75,0.0
65,76,0.0
65,77,0.0
65,78,0.0
65,79,0.0
65,80,0.0
65,81,0.0
65,82,0.0
65,83,0.0
65,84,0.0
65,85,0.0
65,86,0.0
65,87,0.0
65,88,0.0
65,89,0.0
65,90,0.0
66,0,0.0
66,1,0.0
66,2,0.0
66,3,0.0
66,4,0.0
66,5,0.0
66,6,0.0
66,7,0.0
66,8,0.0
66,9,0.0
66,10,1439.7380302523784
66,11,0.0
66,12,0.0
66,13,19.168831745804795
66,14,0.0
66,15,84.59021437069065
66,16,10.666972991527143
66,17,0.0
66,18,0.0
66,19,7.079292558182265
66,20,17.638374517832805
66,21,0.0
66,22,5.514415431053153
66,23,0.0
66,24,0.0
66,25,14.748342928339556
66,26,0.0
66,27,0.0
66,28,5.0749638385737095
66,29,0.0
66,30,11.157428673520625
66,31,5.807276234417551
66,32,0.0
66,33,0.0
66,34,7.3165161609400124
66,35,20.181814499664927
66,36,0.0
66,37,9.988179712519656
66,38,0.0
66,39,0.0
66,40,59.26410980787322
66,41,0.0
66,42,0.0
66,43,22.214278602286317
66,44,0.0
66,45,93.75866789828942
66,46,35.051915088112224
66,47,0.0
66,48,0.0
66,49,56.21766601061917
66,50,143.5805198792532
66,51,0.0
66,52,90.19308363819324
66,53,0.0
66,54,0.0
66,55,266.4764297296721
66,56,0.0
66,57,0.0
66,58,217.9834593536328
66,59,0.0
66,60,46.660897717547115
66,61,318.04538849598015
66,62,0.0
66,63,0.0
66,64,435.4370640624795
66,65,5.904124829198737
66,66,0.0
66,67,550.5417409714181
66,68,0.0
66,69,0.0
66,70,0.0
66,71,0.0
66,72,0.0
66,73,0.0
66,74,0.0
66,75,0.0
66,76,0.0
66,77,0.0
66,78,0.0
66,79,0.0
66,80,0.0
66,81,0.0
66,82,0.0
66,83,0.0
66,84,0.0
66,85,0.0
66,86,0.0
66,87,0.0
66,88,0.0
66,89,0.0
66,90,0.0
67,0,0.0
67,1,0.0
67,2,0.0
67,3,0.0
67,4,0.0
67,5,0.0
67,6,0.0
67,7,0.0
67,8,0.0
67,9,0.0
67,10,1672.2938644919132
67,11,0.0
67,12,0.0
67,13,0.0
67,14,0.0
67,15,0.0
67,16,236.88802701531725
67,17,0.0
67,18,394.10387979639796
67,19,0.0
67,20,0.0
67,21,0.0
67,22,105.25786843029847
67,23,0.0
67,24,0.0
67,25,0.0
67,26,287.446111341017
67,27,0.0
67,28,82.82980661681785
67,29,0.0
67,30,0.0
67,31,0.0
67,32,0.0
67,33,0.0
67,34,285.2641653130182
67,35,0.0
67,36,0.0
67,37,0.0
67,38,0.0
67,39,0.0
67,40,100.44513573295104
67,41,0.0
67,42,142.11163419927314
67,43,0.0
67,44,0.0
67,45,0.0
67,46,91.90671133152237
67,47,0.0
67,48,0.0
67,49,0.0
67,50,123.42889011937578
67,51,0.0
67,52,52.505212324825585
67,53,0.0
67,54,0.0
67,55,0.0
67,56,0.0
67,57,0.0
67,58,160.0253206034064
67,59,0.0
67,60,0.0
67,61,0.0
67,62,0.0
67,63,0.0
67,64,1.4704142241061542
67,65,0.0
67,66,264.02295845975925
67,67,0.0
67,68,0.0
67,69,0.0
67,70,0.0
67,71,0.0
67,72,0.0
67,73,0.0
67,74,0.0
67,75,0.0
67,76,0.0
67,77,0.0
67,78,0.0
67,79,0.0
67,80,0.0
67,81,0.0
67,82,0.0
67,83,0.0
67,84,0.0
67,85,0.0
67,86,0.0
67,87,0.0
67,88,0.0
67,89,0.0
67,90,0.0
68,0,0.0
68,1,0.0
68,2,0.0
68,3,0.0
68,4,0.0
68,5,0.0
68,6,0.0
68,7,0.0
68,8,0.0
68,9,0.0
68,10,92.98900463307399
68,11,0.0
68,12,0.0
68,13,0.0
68,14,169.330255619306
68,15,0.0
68,16,24.733327983327918
68,17,0.0
68,18,256.4565867189589
68,19,0.0
68,20,0.0
68,21,0.0
68,22,342.35426298740504
68,23,0.0
68,24,0.0
68,25,0.0
68,26,290.51340293964796
68,27,0.0
68,28,48.696974756361875
68,29,0.0
68,30,238.41652634181776
68,31,0.0
68,32,0.0
68,33,0.0
68,34,226.4321954561707
68,35,0.0
68,36,0.0
68,37,0.0
68,38,120.39478418983735
68,39,0.0
68,40,54.4861445023065
68,41,0.0
68,42,81.2841684265153
68,43,0.0
68,44,0.0
68,45,0.0
68,46,123.47121485723476
68,47,0.0
68,48,0.0
68,49,0.0
68,50,42.17651875221635
68,51,0.0
68,52,110.77934198520119
68,53,0.0
68,54,35.565945577560775
68,55,0.0
68,56,0.0
68,57,0.0
68,58,319.60597705718993
68,59,0.0
68,60,0.0
68,61,0.0
68,62,43.70861202020275
68,63,0.0
68,64,1308.7118323092527
68,65,0.0
68,66,69.89292288641208
68,67,0.0
68,68,0.0
68,69,0.0
68,70,0.0
68,71,0.0
68,72,0.0
68,73,0.0
68,74,0.0
68,75,0.0
68,76,0.0
68,77,0.0
68,78,0.0
68,79,0.0
68,80,0.0
68,81,0.0
68,82,0.0
68,83,0.0
68,84,0.0
68,85,0.0
68,86,0.0
68,87,0.0
68,88,0.0
68,89,0.0
68,90,0.0
69,0,0.0
69,1,0.0
69,2,0.0
69,3,0.0
69,4,0.0
69,5,0.0
69,6,0.0
69,7,0.0
69,8,0.0
69,9,0.0
69,10,1002.1043087646456
69,11,0.0
69,12,0.0
69,13,0.0
69,14,58.77734192379251
69,15,0.0
69,16,0.0
69,17,0.0
69,18,337.21957786457824
69,19,0.0
69,20,0.0
69,21,0.0
69,22,56.56499293954856
69,23,0.0
69,24,0.0
69,25,0.0
69,26,253.56828636850494
69,27,0.0
69,28,0.0
69,29,0.0
69,30,46.463737476169136
69,31,0.0
69,32,0.0
69,33,0.0
69,34,262.4391802993714
69,35,0.0
69,36,0.0
69,37,0.0
69,38,40.42639837566416
69,39,0.0
69,40,0.0
69,41,0.0
69,42,257.02755514554184
69,43,0.0
69,44,0.0
69,45,0.0
69,46,46.233456888064424
69,47,0.0
69,48,0.0
69,49,0.0
69,50,173.3343057883869
69,51,0.0
69,52,0.0
69,53,0.0
69,54,86.24699769307706
69,55,0.0
69,56,0.0
69,57,0.0
69,58,171.2867979618488
69,59,0.0
69,60,0.0
69,61,0.0
69,62,325.67453869974395
69,63,0.0
69,64,0.0
69,65,0.0
69,66,882.6325238110625
69,67,0.0
69,68,0.0
69,69,0.0
69,70,0.0
69,71,0.0
69,72,0.0
69,73,0.0
69,74,0.0
69,75,0.0
69,76,0.0
69,77,0.0
69,78,0.0
69,79,0.0
69,80,0.0
69,81,0.0
69,82,0.0
69,83,0.0
69,84,0.0
69,85,0.0
69,86,0.0
69,87,0.0
69,88,0.0
69,89,0.0
69,90,0.0
70,0,0.0
70,1,0.0
70,2,0.0
70,3,0.0
70,4,0.0
70,5,0.0
70,6,0.0
70,7,0.0
70,8,0.0
70,9,0.0
70,10,2023.9673537302458
70,11,0.0
70,12,0.0
70,13,0.0
70,14,0.0
70,15,0.0
70,16,0.0
70,17,0.0
70,18,284.34659564374397
70,19,0.0
70,20,0.0
70,21,0.0
70,22,0.0
70,23,0.0
70,24,0.0
70,25,0.0
70,26,163.92259344930244
70,27,0.0
70,28,0.0
70,29,0.0
70,30,0.0
70,31,0.0
70,32,0.0
70,33,0.0
70,34,153.87659552681214
70,35,0.0
70,36,0.0
70,37,0.0
70,38,0.0
70,39,0.0
70,40,0.0
70,41,0.0
70,42,239.76872232290478
70,43,0.0
70,44,0.0
70,45,0.0
70,46,0.0
70,47,0.0
70,48,0.0
70,49,0.0
70,50,444.1154257508462
70,51,0.0
70,52,0.0
70,53,0.0
70,54,0.0
70,55,0.0
70,56,0.0
70,57,0.0
70,58,398.44284631293954
70,59,0.0
70,60,0.0
70,61,0.0
70,62,0.0
70,63,0.0
70,64,0.0
70,65,0.0
70,66,291.5598672632051
70,67,0.0
70,68,0.0
70,69,0.0
70,70,0.0
70,71,0.0
70,72,0.0
70,73,0.0
70,74,0.0
70,75,0.0
70,76,0.0
70,77,0.0
70,78,0.0
70,79,0.0
70,80,0.0
70,81,0.0
70,82,0.0
70,83,0.0
70,84,0.0
70,85,0.0
70,86,0.0
70,87,0.0
70,88,0.0
70,89,0.0
70,90,0.0
71,0,0.0
71,1,0.0
71,2,0.0
71,3,0.0
71,4,0.0
71,5,0.0
71,6,0.0
71,7,0.0
71,8,0.0
71,9,0.0
71,10,2137.467812420449
71,11,139.14809516103696
71,12,69.08152997448758
71,13,36.185084081193786
71,14,19.96605570024369
71,15,11.58676292875335
71,16,104.74136497550165
71,17,4.510987735170624
71,18,3.0167236119640792
71,19,2.108409367823693
71,20,1.5375951027352621
71,21,1.1681773175679637
71,22,19.670518219923444
71,23,0.7575824728113911
71,24,0.6446269812150102
71,25,0.5678258504824191
71,26,0.5169660913756299
71,27,0.4856923575898662
71,28,9.6422460662118
71,29,0.4681284367935027
71,30,0.4787334340571974
71,31,0.5020225165738535
71,32,0.5389710428348546
71,33,0.5914697858977934
71,34,8.722636464965605
71,35,0.7559444851044844
71,36,0.8776155379739555
71,37,1.0348847515311972
71,38,1.2375565484364932
71,39,1.4984270160886495
71,40,10.798536237557851
71,41,2.265778746940898
71,42,2.8206750354666483
71,43,3.532925472623154
71,44,4.445021433791261
71,45,5.608972387437834
71,46,15.978302991715294
71,47,8.952838540323189
71,48,11.288934518782423
71,49,14.186119127522426
71,50,17.73800589775338
71,51,22.033760691754704
71,52,32.688378806814704
71,53,33.12322427397056
71,54,39.95921452030024
71,55,47.58743634197229
71,56,55.85612464693468
71,57,64.51556647847188
71,58,74.74147347402572
71,59,81.49782134374865
71,60,88.85010854628649
71,61,94.71822191982021
71,62,98.57909301728535
71,63,100.00550417914465
71,64,98.86473639586298
71,65,94.71393396013798
71,66,88.14322887127025
71,67,79.45115732685977
71,68,69.25638024026493
71,69,58.28807813836517
71,70,0.0
71,71,0.0
71,72,0.0
71,73,0.0
71,74,0.0
71,75,0.0
71,76,0.0
71,77,0.0
71,78,0.0
71,79,0.0
71,80,0.0
71,81,0.0
71,82,0.0
71,83,0.0
71,84,0.0
71,85,0.0
71,86,0.0
71,87,0.0
71,88,0.0
71,89,0.0
71,90,0.0
72,0,0.0
72,1,0.0
72,2,0.0
72,3,0.0
72,4,0.0
72,5,0.0
72,6,0.0
72,7,0.0
72,8,0.0
72,9,0.0
72,10,1674.7413318388358
72,11,0.0
72,12,52.59747318291539
72,13,0.0
72,14,77.67180945043489
72,15,0.0
72,16,105.50077298261843
72,17,162.51054799211096
72,18,132.57700010582897
72,19,0.0
72,20,155.03427082547435
72,21,0.0
72,22,169.69180185170572
72,23,0.0
72,24,219.72459002927027
72,25,0.0
72,26,170.62970595824436
72,27,0.0
72,28,158.58736135329752
72,29,0.0
72,30,141.20911485572577
72,31,26.333479998600975
72,32,121.16125550147365
72,33,0.0
72,34,100.762358839164
72,35,0.0
72,36,81.69454589665467
72,37,0.0
72,38,89.99934189007969
72,39,0.0
72,40,50.92952984355483
72,41,0.0
72,42,39.61912077498517
72,43,0.0
72,44,30.75436583734527
72,45,29.43448959558109
72,46,23.960845845635763
72,47,0.0
72,48,18.84593071235682
72,49,0.0
72,50,15.0514992441324
72,51,0.0
72,52,44.84045973586964
72,53,0.0
72,54,10.288472025040695
72,55,0.0
72,56,8.908675290929484
72,57,0.0
72,58,8.017310512895296
72,59,25.85070156140889
72,60,7.542655188838319
72,61,0.0
72,62,7.461504930292552
72,63,0.0
72,64,7.806599180418291
72,65,0.0
72,66,19.91348720788541
72,67,0.0
72,68,10.347589960393911
72,69,0.0
72,70,0.0
72,71,0.0
72,72,0.0
72,73,0.0
72,74,0.0
72,75,0.0
72,76,0.0
72,77,0.0
72,78,0.0
72,79,0.0
72,80,0.0
72,81,0.0
72,82,0.0
72,83,0.0
72,84,0.0
72,85,0.0
72,86,0.0
72,87,0.0
72,88,0.0
72,89,0.0
72,90,0.0
73,0,0.0
73,1,0.0
73,2,0.0
73,3,0.0
73,4,0.0
73,5,0.0
73,6,0.0
73,7,0.0
73,8,0.0
73,9,0.0
73,10,573.3839049383402
73,11,207.06701562867093
73,12,128.54529342481032
73,13,83.30077660140576
73,14,56.25929348280983
73,15,171.0221366462446
73,16,28.864280440744803
73,17,21.85704521156319
73,18,17.13931551081917
73,19,13.895415675339777
73,20,76.22397572308863
73,21,10.02939591791445
73,22,8.900397771108956
73,23,8.114075750525977
73,24,7.58697126065752
73,25,36.84927356875711
73,26,7.111240631325403
73,27,7.105627005439709
73,28,7.235659682531119
73,29,7.496823583148902
73,30,21.92193720157757
73,31,8.42296238815075
73,32,9.104639411876184
73,33,9.94954055362577
73,34,10.974643680903831
73,35,19.853685316692083
73,36,13.64349278255312
73,37,15.327904199116565
73,38,17.27054607736373
73,39,19.484989731559384
73,40,27.312109456117316
73,41,24.741146235927435
73,42,27.75586822759591
73,43,30.97987002835054
73,44,34.347796259759754
73,45,43.04430690744159
73,46,41.118753724337246
73,47,44.25590218606432
73,48,47.01277868676202
73,49,49.2128876454842
73,50,58.910563654168534
73,51,51.271765865250366
73,52,50.86560933933668
73,53,49.40915055920105
73,54,46.91723637052516
73,55,65.94064857501513
73,56,39.266947562507944
73,57,34.49898398611691
73,58,29.44057723342629
73,59,24.364187243126008
73,60,138.75855837872194
73,61,15.120942913263193
73,62,11.30341541425082
73,63,8.141886615681944
73,64,5.6419560199229695
73,65,1371.230033183767
73,66,2.396766902049235
73,67,1.4646259745586288
73,68,0.8555313032233277
73,69,0.4769337493807944
73,70,0.0
73,71,0.0
73,72,0.0
73,73,0.0
73,74,0.0
73,75,0.0
73,76,0.0
73,77,0.0
73,78,0.0
73,79,0.0
73,80,0.0
73,81,0.0
73,82,0.0
73,83,0.0
73,84,0.0
73,85,0.0
73,86,0.0
73,87,0.0
73,88,0.0
73,89,0.0
73,90,0.0
74,0,0.0
74,1,0.0
74,2,0.0
74,3,0.0
74,4,0.0
74,5,0.0
74,6,0.0
74,7,0.0
74,8,0.0
74,9,0.0
74,10,115.6788707653102
74,11,0.0
74,12,1.314881466612781
74,13,0.0
74,14,3.3730576217313577
74,15,0.0
74,16,7.697604755846561
74,17,170.63422805171052
74,18,15.720737573840523
74,19,0.0
74,20,28.904566620275606
74,21,0.0
74,22,48.131235671297
74,23,0.0
74,24,339.9117166613157
74,25,0.0
74,26,101.53416711277652
74,27,0.0
74,28,130.17224746283932
74,29,0.0
74,30,154.79420068600385
74,31,385.35964678952087
74,32,171.75596560825772
74,33,0.0
74,34,178.88775247083882
74,35,0.0
74,36,175.93481518856632
74,37,0.0
74,38,613.294591625521
74,39,0.0
74,40,146.74538423477665
74,41,0.0
74,42,125.94689680635832
74,43,0.0
74,44,104.53843217398968
74,45,368.78729309337484
74,46,84.41521949268594
74,47,0.0
74,48,66.71332055292737
74,49,0.0
74,50,51.9089404393667
74,51,0.0
74,52,226.71911850787933
74,53,0.0
74,54,30.716934536402782
74,55,0.0
74,56,23.640982201884594
74,57,0.0
74,58,18.346534766900472
74,59,50.921550254517555
74,60,14.442229432251214
74,61,0.0
74,62,11.601038355663249
74,63,0.0
74,64,9.566050902724289
74,65,0.0
74,66,14.68390806132156
74,67,0.0
74,68,7.205880054710378
74,69,0.0
74,70,0.0
74,71,0.0
74,72,0.0
74,73,0.0
74,74,0.0
74,75,0.0
74,76,0.0
74,77,0.0
74,78,0.0
74,79,0.0
74,80,0.0
74,81,0.0
74,82,0.0
74,83,0.0
74,84,0.0
74,85,0.0
74,86,0.0
74,87,0.0
74,88,0.0
74,89,0.0
74,90,0.0
75,0,0.0
75,1,0.0
75,2,0.0
75,3,0.0
75,4,0.0
75,5,0.0
75,6,0.0
75,7,0.0
75,8,0.0
75,9,0.0
75,10,125.32131458965058
75,11,42.1499929057115
75,12,41.426673066338225
75,13,40.695505988615096
75,14,39.96003857379298
75,15,120.53304560489713
75,16,38.48936670989078
75,17,37.76022709522985
75,18,37.038919012760715
75,19,36.327966491550285
75,20,113.95230160210714
75,21,34.94626128797996
75,22,34.279618319042925
75,23,33.63156973118986
75,24,33.00375899105965
75,25,107.71285856577664
75,26,31.814719085436597
75,27,31.256109630952086
75,28,30.723004299170984
75,29,30.21645970142433
75,30,103.61794731402908
75,31,29.286913802051316
75,32,28.86570394609576
75,33,28.47466724661925
75,34,28.114627156740774
75,35,103.33592999387538
75,36,27.4908388550475
75,37,27.228793386175653
75,38,27.001182877941904
75,39,26.808985472350052
75,40,108.95160732142693
75,41,26.535175621976666
75,42,26.45601181372539
75,43,26.417201190211546
75,44,26.420343263219895
75,45,124.05842363365073
75,46,26.55988900610071
75,47,26.700587367893274
75,48,26.891895937601664
75,49,27.13671552643774
75,50,156.1722519663201
75,51,27.800434555194936
75,52,28.227241487995506
75,53,28.723500729386547
75,54,29.29460064173884
75,55,222.98386588382758
75,56,30.686593241109673
75,57,31.52230526256607
75,58,32.462754654928126
75,59,33.51815304388847
75,60,370.94637876550576
75,61,36.02203603296431
75,62,37.499038688819056
75,63,39.14859198390209
75,64,40.99071552329735
75,65,738.3047125644885
75,66,45.348303811325664
75,67,47.920976022016525
75,68,50.801955000044565
75,69,54.03243815493204
75,70,0.0
75,71,0.0
75,72,0.0
75,73,0.0
75,74,0.0
75,75,0.0
75,76,0.0
75,77,0.0
75,78,0.0
75,79,0.0
75,80,0.0
75,81,0.0
75,82,0.0
75,83,0.0
75,84,0.0
75,85,0.0
75,86,0.0
75,87,0.0
75,88,0.0
75,89,0.0
75,90,0.0
76,0,0.0
76,1,0.0
76,2,0.0
76,3,0.0
76,4,0.0
76,5,0.0
76,6,0.0
76,7,0.0
76,8,0.0
76,9,0.0
76,10,942.5035144704519
76,11,0.0
76,12,0.0
76,13,0.0
76,14,249.58191544345118
76,15,0.0
76,16,208.34735459028
76,17,0.0
76,18,99.98114291374833
76,19,0.0
76,20,0.0
76,21,0.0
76,22,548.2529735799046
76,23,0.0
76,24,0.0
76,25,0.0
76,26,41.70785278937853
76,27,0.0
76,28,353.6219472226301
76,29,0.0
76,30,38.638070183984965
76,31,0.0
76,32,0.0
76,33,0.0
76,34,168.7919403061301
76,35,0.0
76,36,0.0
76,37,0.0
76,38,50.92290619137708
76,39,0.0
76,40,37.07233356159186
76,41,0.0
76,42,64.44900007013979
76,43,0.0
76,44,0.0
76,45,0.0
76,46,95.03886094488068
76,47,0.0
76,48,0.0
76,49,0.0
76,50,93.65641912642981
76,51,0.0
76,52,12.47531198845903
76,53,0.0
76,54,95.66625102161449
76,55,0.0
76,56,0.0
76,57,0.0
76,58,119.45555249149851
76,59,0.0
76,60,0.0
76,61,0.0
76,62,53.49698711468607
76,63,0.0
76,64,700.2852387888508
76,65,0.0
76,66,26.05442720051192
76,67,0.0
76,68,0.0
76,69,0.0
76,70,0.0
76,71,0.0
76,72,0.0
76,73,0.0
76,74,0.0
76,75,0.0
76,76,0.0
76,77,0.0
76,78,0.0
76,79,0.0
76,80,0.0
76,81,0.0
76,82,0.0
76,83,0.0
76,84,0.0
76,85,0.0
76,86,0.0
76,87,0.0
76,88,0.0
76,89,0.0
76,90,0.0
77,0,0.0
77,1,0.0
77,2,0.0
77,3,0.0
77,4,0.0
77,5,0.0
77,6,0.0
77,7,0.0
77,8,0.0
77,9,0.0
77,10,1042.0145941093588
77,11,0.0
77,12,430.1703648181512
77,13,0.0
77,14,214.19766444206797
77,15,0.0
77,16,205.9120168080463
77,17,0.0
77,18,66.57616774165182
77,19,0.0
77,20,41.20390603893197
77,21,0.0
77,22,157.07411650081525
77,23,0.0
77,24,19.038693895803842
77,25,0.0
77,26,14.093085808913008
77,27,0.0
77,28,246.0727361611784
77,29,0.0
77,30,8.964117810261214
77,31,0.0
77,32,7.637124090184768
77,33,0.0
77,34,416.82501075721797
77,35,0.0
77,36,6.192157542558877
77,37,0.0
77,38,5.842808237178315
77,39,0.0
77,40,530.9852734559303
77,41,0.0
77,42,5.5918107951209155
77,43,0.0
77,44,5.62332837641362
77,45,0.0
77,46,382.434645374769
77,47,0.0
77,48,5.882351336618957
77,49,0.0
77,50,6.066766438471728
77,51,0.0
77,52,121.49333410832506
77,53,0.0
77,54,6.4231707179466815
77,55,0.0
77,56,6.53770193207291
77,57,0.0
77,58,18.029676507136923
77,59,0.0
77,60,6.48724014037942
77,61,0.0
77,62,6.270597990932334
77,63,0.0
77,64,6.189502557802439
77,65,0.0
77,66,5.4000089648243375
77,67,0.0
77,68,4.770026540935642
77,69,0.0
77,70,0.0
77,71,0.0
77,72,0.0
77,73,0.0
77,74,0.0
77,75,0.0
77,76,0.0
77,77,0.0
77,78,0.0
77,79,0.0
77,80,0.0
77,81,0.0
77,82,0.0
77,83,0.0
77,84,0.0
77,85,0.0
77,86,0.0
77,87,0.0
77,88,0.0
77,89,0.0
77,90,0.0
78,0,0.0
78,1,0.0
78,2,0.0
78,3,0.0
78,4,0.0
78,5,0.0
78,6,0.0
78,7,0.0
78,8,0.0
78,9,0.0
78,10,108.06539565207129
78,11,0.0
78,12,21.1940058771289
78,13,0.0
78,14,41.541944666030226
78,15,124.83223755262183
78,16,69.69711021616237
78,17,0.0
78,18,101.41071998421457
78,19,0.0
78,20,302.606327317388
78,21,0.0
78,22,147.5683998432022
78,23,0.0
78,24,151.49828411650864
78,25,242.89312492173303
78,26,142.13828864880523
78,27,0.0
78,28,123.47824318628996
78,29,0.0
78,30,419.8274304336513
78,31,0.0
78,32,77.9515961022721
78,33,0.0
78,34,58.15059475438827
78,35,362.35391377195793
78,36,42.32599517041017
78,37,0.0
78,38,30.455871570562014
78,39,0.0
78,40,349.9820182241991
78,41,0.0
78,42,16.053847377085358
78,43,0.0
78,44,12.072502701141646
78,45,218.61670738667027
78,46,9.457453326102456
78,47,0.0
78,48,7.8198205203049715
78,49,0.0
78,50,105.93126653195449
78,51,0.0
78,52,6.6240998289667425
78,53,0.0
78,54,6.966398473875955
78,55,28.13648175722132
78,56,8.148605926724423
78,57,0.0
78,58,10.7408548546255
78,59,0.0
78,60,20.79511532730492
78,61,0.0
78,62,28.140990306622687
78,63,0.0
78,64,57.419355215757946
78,65,0.40747003352101935
78,66,139.12515202177246
78,67,0.0
78,68,405.57237640075084
78,69,0.0
78,70,0.0
78,71,0.0
78,72,0.0
78,73,0.0
78,74,0.0
78,75,0.0
78,76,0.0
78,77,0.0
78,78,0.0
78,79,0.0
78,80,0.0
78,81,0.0
78,82,0.0
78,83,0.0
78,84,0.0
78,85,0.0
78,86,0.0
78,87,0.0
78,88,0.0
78,89,0.0
78,90,0.0
79,0,0.0
79,1,0.0
79,2,0.0
79,3,0.0
79,4,0.0
79,5,0.0
79,6,0.0
79,7,0.0
79,8,0.0
79,9,0.0
79,10,305.6655133161446
79,11,0.0
79,12,0.0
79,13,163.14607689386418
79,14,0.0
79,15,0.0
79,16,195.37472183049613
79,17,0.0
79,18,6.8120748787653245
79,19,212.31655974272383
79,20,0.0
79,21,0.0
79,22,211.97744116152498
79,23,0.0
79,24,0.0
79,25,196.8576181696267
79,26,3.7431110584775507
79,27,0.0
79,28,172.16233087221923
79,29,0.0
79,30,0.0
79,31,143.5535349752002
79,32,0.0
79,33,0.0
79,34,127.3243459531068
79,35,0.0
79,36,0.0
79,37,90.88684914929976
79,38,0.0
79,39,0.0
79,40,70.73681351683967
79,41,0.0
79,42,82.15501387260835
79,43,55.15004592477918
79,44,0.0
79,45,0.0
79,46,43.60825706208942
79,47,0.0
79,48,0.0
79,49,35.40630182501659
79,50,491.08701928001295
79,51,0.0
79,52,29.884632236549443
79,53,0.0
79,54,0.0
79,55,26.54833551288334
79,56,0.0
79,57,0.0
79,58,998.5122849601173
79,59,0.0
79,60,0.0
79,61,25.665412742250094
79,62,0.0
79,63,0.0
79,64,28.628782042640115
79,65,0.0
79,66,247.48302841280923
79,67,35.31389460995529
79,68,0.0
79,69,0.0
79,70,0.0
79,71,0.0
79,72,0.0
79,73,0.0
79,74,0.0
79,75,0.0
79,76,0.0
79,77,0.0
79,78,0.0
79,79,0.0
79,80,0.0
79,81,0.0
79,82,0.0
79,83,0.0
79,84,0.0
79,85,0.0
79,86,0.0
79,87,0.0
79,88,0.0
79,89,0.0
79,90,0.0
80,0,0.0
80,1,0.0
80,2,0.0
80,3,0.0
80,4,0.0
80,5,0.0
80,6,0.0
80,7,0.0
80,8,0.0
80,9,0.0
80,10,27.511035039476013
80,11,0.0
80,12,0.0
80,13,0.0
80,14,0.0
80,15,0.0
80,16,0.0
80,17,0.0
80,18,12.40476753314422
80,19,0.0
80,20,0.0
80,21,0.0
80,22,0.0
80,23,0.0
80,24,0.0
80,25,0.0
80,26,10.871863307768104
80,27,0.0
80,28,0.0
80,29,0.0
80,30,0.0
80,31,0.0
80,32,0.0
80,33,0.0
80,34,16.798829680883447
80,35,0.0
80,36,0.0
80,37,0.0
80,38,0.0
80,39,0.0
80,40,0.0
80,41,0.0
80,42,38.68638277398055
80,43,0.0
80,44,0.0
80,45,0.0
80,46,0.0
80,47,0.0
80,48,0.0
80,49,0.0
80,50,119.33400329992384
80,51,0.0
80,52,0.0
80,53,0.0
80,54,0.0
80,55,0.0
80,56,0.0
80,57,0.0
80,58,487.3924289296797
80,59,0.0
80,60,0.0
80,61,0.0
80,62,0.0
80,63,0.0
80,64,0.0
80,65,0.0
80,66,3287.000689435144
80,67,0.0
80,68,0.0
80,69,0.0
80,70,0.0
80,71,0.0
80,72,0.0
80,73,0.0
80,74,0.0
80,75,0.0
80,76,0.0
80,77,0.0
80,78,0.0
80,79,0.0
80,80,0.0
80,81,0.0
80,82,0.0
80,83,0.0
80,84,0.0
80,85,0.0
80,86,0.0
80,87,0.0
80,88,0.0
80,89,0.0
80,90,0.0
81,0,0.0
81,1,0.0
81,2,0.0
81,3,0.0
81,4,0.0
81,5,0.0
81,6,0.0
81,7,0.0
81,8,0.0
81,9,0.0
81,10,969.5206581793286
81,11,4.1449573011129575
81,12,4.171897984159926
81,13,4.245184136040978
81,14,4.364681335805026
81,15,4.531538031349528
81,16,4.748098484166288
81,17,5.017862213882858
81,18,273.7486003000781
81,19,5.736767134214233
81,20,6.198756018650863
81,21,6.739729697767356
81,22,7.369278210047701
81,23,8.098337758223593
81,24,8.939211276560755
81,25,9.905555209875157
81,26,221.38467179611192
81,27,12.275598374279888
81,28,13.712440094886235
81,29,15.340475141905737
81,30,17.177454131401685
81,31,19.240600608737964
81,32,21.545779723793608
81,33,24.106462934744272
81,34,271.5055912153379
81,35,30.028579977022243
81,36,33.39278694457684
81,37,37.01467278408949
81,38,40.873559649944184
81,39,44.93680914609854
81,40,49.15833272808016
81,41,53.47750361839824
81,42,279.7231758555989
81,43,62.0914754520832
81,44,66.19218209622278
81,45,70.00614680967882
81,46,73.41153936488652
81,47,76.28428680856332
81,48,78.5041065618809
81,49,79.96134831539335
81,50,163.24020519809116
81,51,80.24585530523713
81,52,78.9705611607627
81,53,76.73861851798955
81,54,73.58898120486859
81,55,69.59941483882575
81,56,64.88380236101126
81,57,59.58663033618312
81,58,60.53026770809422
81,59,47.92863628986076
81,60,41.9292051405684
81,61,36.04920623978382
81,62,30.442213393753466
81,63,25.23493035066452
81,64,20.521886555400666
81,65,16.363103028947975
81,66,12.845622994928213
81,67,9.782227325764133
81,68,7.325702874778408
81,69,5.3662357695059395
81,70,0.0
81,71,0.0
81,72,0.0
81,73,0.0
81,74,0.0
81,75,0.0
81,76,0.0
81,77,0.0
81,78,0.0
81,79,0.0
81,80,0.0
81,81,0.0
81,82,0.0
81,83,0.0
81,84,0.0
81,85,0.0
81,86,0.0
81,87,0.0
81,88,0.0
81,89,0.0
81,90,0.0
82,0,0.0
82,1,0.0
82,2,0.0
82,3,0.0
82,4,0.0
82,5,0.0
82,6,0.0
82,7,0.0
82,8,0.0
82,9,0.0
82,10,280.38552243193686
82,11,0.0
82,12,0.0
82,13,0.0
82,14,0.0
82,15,0.0
82,16,0.0
82,17,312.55343779755697
82,18,0.0
82,19,0.0
82,20,0.0
82,21,0.0
82,22,0.0
82,23,0.0
82,24,504.2996809836711
82,25,0.0
82,26,0.0
82,27,0.0
82,28,0.0
82,29,0.0
82,30,0.0
82,31,770.7956750976267
82,32,0.0
82,33,0.0
82,34,0.0
82,35,0.0
82,36,0.0
82,37,0.0
82,38,806.5673631354159
82,39,0.0
82,40,0.0
82,41,0.0
82,42,0.0
82,43,0.0
82,44,0.0
82,45,576.6526859903754
82,46,0.0
82,47,0.0
82,48,0.0
82,49,0.0
82,50,0.0
82,51,0.0
82,52,345.3296920137069
82,53,0.0
82,54,0.0
82,55,0.0
82,56,0.0
82,57,0.0
82,58,0.0
82,59,228.77447080020988
82,60,0.0
82,61,0.0
82,62,0.0
82,63,0.0
82,64,0.0
82,65,0.0
82,66,174.64147174950008
82,67,0.0
82,68,0.0
82,69,0.0
82,70,0.0
82,71,0.0
82,72,0.0
82,73,0.0
82,74,0.0
82,75,0.0
82,76,0.0
82,77,0.0
82,78,0.0
82,79,0.0
82,80,0.0
82,81,0.0
82,82,0.0
82,83,0.0
82,84,0.0
82,85,0.0
82,86,0.0
82,87,0.0
82,88,0.0
82,89,0.0
82,90,0.0
83,0,0.0
83,1,0.0
83,2,0.0
83,3,0.0
83,4,0.0
83,5,0.0
83,6,0.0
83,7,0.0
83,8,0.0
83,9,0.0
83,10,6.362355004717753
83,11,0.0
83,12,0.0
83,13,0.0
83,14,0.0
83,15,0.0
83,16,0.0
83,17,71.2428864840125
83,18,6.630387499856485
83,19,0.0
83,20,0.0
83,21,0.0
83,22,0.0
83,23,0.0
83,24,196.65575508507794
83,25,0.0
83,26,14.423042128874942
83,27,0.0
83,28,0.0
83,29,0.0
83,30,0.0
83,31,196.05837917761147
83,32,0.0
83,33,0.0
83,34,13.22134460699554
83,35,0.0
83,36,0.0
83,37,0.0
83,38,114.98943490751374
83,39,0.0
83,40,0.0
83,41,0.0
83,42,10.257691892364727
83,43,0.0
83,44,0.0
83,45,64.62557880022071
83,46,0.0
83,47,0.0
83,48,0.0
83,49,0.0
83,50,13.52799481216059
83,51,0.0
83,52,56.68982497409122
83,53,0.0
83,54,0.0
83,55,0.0
83,56,0.0
83,57,0.0
83,58,60.90899579827082
83,59,126.42708975571617
83,60,0.0
83,61,0.0
83,62,0.0
83,63,0.0
83,64,0.0
83,65,0.0
83,66,3047.979239072515
83,67,0.0
83,68,0.0
83,69,0.0
83,70,0.0
83,71,0.0
83,72,0.0
83,73,0.0
83,74,0.0
83,75,0.0
83,76,0.0
83,77,0.0
83,78,0.0
83,79,0.0
83,80,0.0
83,81,0.0
83,82,0.0
83,83,0.0
83,84,0.0
83,85,0.0
83,86,0.0
83,87,0.0
83,88,0.0
83,89,0.0
83,90,0.0
84,0,0.0
84,1,0.0
84,2,0.0
84,3,0.0
84,4,0.0
84,5,0.0
84,6,0.0
84,7,0.0
84,8,0.0
84,9,0.0
84,10,612.2095754582101
84,11,145.43218763349282
84,12,147.1109396249116
84,13,145.97891589059844
84,14,142.2361673420306
84,15,136.21304514017427
84,16,434.48114694750586
84,17,119.05792936735891
84,18,108.87227766760937
84,19,98.22478517917278
84,20,87.51523686668507
84,21,77.07598329848214
84,22,275.66823949291745
84,23,57.96480354190801
84,24,49.5909333558873
84,25,42.09873584452069
84,26,35.495941229922266
84,27,29.75399036975963
84,28,176.49426541634438
84,29,20.6207730383157
84,30,17.081506319262427
84,31,14.120832826120475
84,32,11.660613201829523
84,33,9.627719090264288
84,34,128.0210534202348
84,35,6.5857664120783195
84,36,5.466574052300519
84,37,4.554294740213734
84,38,3.811869524090556
84,39,3.208336605122797
84,40,108.08357458509137
84,41,2.3200363312813757
84,42,1.997081400749456
84,43,1.7353129044980813
84,44,1.5235435909018844
84,45,1.3528231986596677
84,46,105.64841487652713
84,47,1.1076348387469905
84,48,1.0232789399440738
84,49,0.9597465867406255
84,50,0.9147411965024637
84,51,0.886815006053482
84,52,119.97350488904216
84,53,0.8805176437776444
84,54,0.9035169793691166
84,55,0.9466375965540115
84,56,1.0136647972783646
84,57,1.1104069616672032
84,58,160.46121214640252
84,59,1.432007947302052
84,60,1.6890748295867357
84,61,2.0459055950426026
84,62,2.547238078567485
84,63,3.2629825081601807
84,64,258.4924279281657
84,65,5.85389568884978
84,66,8.21406295212599
84,67,11.903875487648246
84,68,17.834052299467952
84,69,27.647573317970753
84,70,0.0
84,71,0.0
84,72,0.0
84,73,0.0
84,74,0.0
84,75,0.0
84,76,0.0
84,77,0.0
84,78,0.0
84,79,0.0
84,80,0.0
84,81,0.0
84,82,0.0
84,83,0.0
84,84,0.0
84,85,0.0
84,86,0.0
84,87,0.0
84,88,0.0
84,89,0.0
84,90,0.0
85,0,0.0
85,1,0.0
85,2,0.0
85,3,0.0
85,4,0.0
85,5,0.0
85,6,0.0
85,7,0.0
85,8,0.0
85,9,0.0
85,10,330.1325425080617
85,11,8.9074786568959
85,12,143.53064046959813
85,13,13.788155729189402
85,14,79.04114228271295
85,15,19.876783198439487
85,16,56.75469776371919
85,17,26.818494611160656
85,18,50.75367429679834
85,19,34.035403924394174
85,20,51.3401360845851
85,21,40.831513907479675
85,22,54.275860979442356
85,23,46.53588307078012
85,24,57.457569202968145
85,25,50.637025100253155
85,26,59.81952034760171
85,27,52.86837921209837
85,28,60.9286739175268
85,29,53.226908489426656
85,30,60.787984694137116
85,31,51.93184640264469
85,32,59.69913225018776
85,33,49.347300984525724
85,34,58.15044389722788
85,35,45.896546302391506
85,36,56.73075967178881
85,37,41.989762004247595
85,38,56.07357332176264
85,39,37.97637154597464
85,40,56.827799722478765
85,41,34.12322054902762
85,42,59.64085171303846
85,43,30.613493493232816
85,44,65.13016227650168
85,45,27.558904421241277
85,46,73.81338536802659
85,47,25.018255570946987
85,48,85.96976364974248
85,49,23.01749003024485
85,50,101.42360923705677
85,51,21.56873172722808
85,52,119.28420673086588
85,53,20.68791878854849
85,54,137.7441319537971
85,55,20.412414972698272
85,56,154.10490608944266
85,57,20.821749138621094
85,58,165.20763398899732
85,59,22.067092166995206
85,60,168.32959700860405
85,61,24.419565328289746
85,62,162.35497446304478
85,63,28.35668857152371
85,64,148.759912319532
85,65,34.72623541903064
85,66,131.91245514117136
85,67,45.071742334338545
85,68,118.57925729172499
85,69,62.30964570598779
85,70,0.0
85,71,0.0
85,72,0.0
85,73,0.0
85,74,0.0
85,75,0.0
85,76,0.0
85,77,0.0
85,78,0.0
85,79,0.0
85,80,0.0
85,81,0.0
85,82,0.0
85,83,0.0
85,84,0.0
85,85,0.0
85,86,0.0
85,87,0.0
85,88,0.0
85,89,0.0
85,90,0.0
86,0,0.0
86,1,0.0
86,2,0.0
86,3,0.0
86,4,0.0
86,5,0.0
86,6,0.0
86,7,0.0
86,8,0.0
86,9,0.0
86,10,469.5172799090281
86,11,0.0
86,12,0.0
86,13,50.13296853056451
86,14,0.0
86,15,335.53286358258373
86,16,113.13547016364994
86,17,0.0
86,18,0.0
86,19,197.72680373047282
86,20,237.32740109432498
86,21,0.0
86,22,274.9404974427057
86,23,0.0
86,24,0.0
86,25,477.76462086486913
86,26,0.0
86,27,0.0
86,28,298.23892526045313
86,29,0.0
86,30,116.90163591945564
86,31,245.55387653943774
86,32,0.0
86,33,0.0
86,34,179.18255416787173
86,35,86.6302974539036
86,36,0.0
86,37,119.04910184879144
86,38,0.0
86,39,0.0
86,40,143.36970862058905
86,41,0.0
86,42,0.0
86,43,44.18668196673421
86,44,0.0
86,45,61.953706936301494
86,46,26.05291269592419
86,47,0.0
86,48,0.0
86,49,15.579829492214866
86,50,63.62164636105194
86,51,0.0
86,52,9.70790801395586
86,53,0.0
86,54,0.0
86,55,83.98594057647536
86,56,0.0
86,57,0.0
86,58,4.749864449080766
86,59,0.0
86,60,115.56628858951525
86,61,3.936441962531822
86,62,0.0
86,63,0.0
86,64,3.7865446006243157
86,65,217.52498850693163
86,66,0.0
86,67,4.343240719956789
86,68,0.0
86,69,0.0
86,70,0.0
86,71,0.0
86,72,0.0
86,73,0.0
86,74,0.0
86,75,0.0
86,76,0.0
86,77,0.0
86,78,0.0
86,79,0.0
86,80,0.0
86,81,0.0
86,82,0.0
86,83,0.0
86,84,0.0
86,85,0.0
86,86,0.0
86,87,0.0
86,88,0.0
86,89,0.0
86,90,0.0
87,0,0.0
87,1,0.0
87,2,0.0
87,3,0.0
87,4,0.0
87,5,0.0
87,6,0.0
87,7,0.0
87,8,0.0
87,9,0.0
87,10,1519.8935551333198
87,11,0.0
87,12,0.0
87,13,0.0
87,14,0.0
87,15,0.0
87,16,411.8456668759053
87,17,0.0
87,18,78.61264970599561
87,19,0.0
87,20,0.0
87,21,0.0
87,22,189.27875166348863
87,23,0.0
87,24,0.0
87,25,0.0
87,26,31.76255370770783
87,27,0.0
87,28,72.98595233257345
87,29,0.0
87,30,0.0
87,31,0.0
87,32,0.0
87,33,0.0
87,34,66.51855286702397
87,35,0.0
87,36,0.0
87,37,0.0
87,38,0.0
87,39,0.0
87,40,14.554871248676317
87,41,0.0
87,42,81.33735881477729
87,43,0.0
87,44,0.0
87,45,0.0
87,46,11.343108545672623
87,47,0.0
87,48,0.0
87,49,0.0
87,50,202.72234969417298
87,51,0.0
87,52,16.842631870152342
87,53,0.0
87,54,0.0
87,55,0.0
87,56,0.0
87,57,0.0
87,58,422.8832350200199
87,59,0.0
87,60,0.0
87,61,0.0
87,62,0.0
87,63,0.0
87,64,583.1929061567965
87,65,0.0
87,66,296.2258563637175
87,67,0.0
87,68,0.0
87,69,0.0
87,70,0.0
87,71,0.0
87,72,0.0
87,73,0.0
87,74,0.0
87,75,0.0
87,76,0.0
87,77,0.0
87,78,0.0
87,79,0.0
87,80,0.0
87,81,0.0
87,82,0.0
87,83,0.0
87,84,0.0
87,85,0.0
87,86,0.0
87,87,0.0
87,88,0.0
87,89,0.0
87,90,0.0
